pointer,NC_001918,KJ934637
49,25,26
50,24.21052632,25
51,24.46808511,25
52,24.7311828,25
53,25,25
54,25.27472527,25
55,25.27472527,25
56,25.27472527,25
57,26.37362637,25
58,26.37362637,25
59,26.37362637,25
60,25.27472527,24
61,25.27472527,24
62,26.37362637,25
63,26.37362637,25
64,26.37362637,25
65,25.27472527,25
66,25.27472527,25
67,24.17582418,26
68,24.17582418,26
69,24.17582418,27
70,24.44444444,27
71,23.59550562,27
72,22.72727273,26
73,21.59090909,26
74,22.72727273,27
75,23.86363636,28
76,25,29
77,26.13636364,28
78,27.27272727,28
79,27.27272727,28
80,28.40909091,29
81,29.54545455,30
82,30.68181818,30
83,31.81818182,30
84,31.81818182,29
85,31.81818182,28
86,31.81818182,28
87,32.95454545,29
88,34.09090909,29
89,35.22727273,29
90,35.22727273,29
91,35.22727273,28
92,36.36363636,28
93,36.36363636,28
94,36.36363636,27
95,37.5,28
96,37.5,28
97,38.63636364,29
98,39.77272727,30
99,40.90909091,30
100,39.77272727,31
101,40.90909091,32
102,40.90909091,32
103,40.90909091,31
104,40.90909091,30
105,42.04545455,31
106,42.04545455,31
107,43.18181818,32
108,43.18181818,32
109,42.04545455,31
110,43.18181818,32
111,44.31818182,32
112,44.31818182,32
113,44.31818182,32
114,45.45454545,33
115,46.59090909,34
116,45.45454545,33
117,45.45454545,33
118,45.45454545,33
119,45.45454545,32
120,46.59090909,32
121,47.72727273,32
122,48.86363636,32
123,47.72727273,32
124,47.72727273,32
125,47.72727273,32
126,46.59090909,32
127,47.72727273,33
128,47.72727273,33
129,48.86363636,33
130,50,34
131,51.13636364,34
132,50,34
133,51.13636364,34
134,51.13636364,33
135,51.13636364,33
136,52.27272727,33
137,53.40909091,33
138,54.54545455,34
139,55.68181818,33
140,55.68181818,33
141,55.68181818,32
142,56.81818182,33
143,56.81818182,34
144,55.68181818,33
145,55.68181818,33
146,55.05617978,34
147,54.44444444,34
148,53.84615385,35
149,54.34782609,36
150,54.83870968,37
151,55.31914894,38
152,55.78947368,39
153,56.25,39
154,56.70103093,40
155,56.70103093,40
156,57.73195876,41
157,57.73195876,42
158,58.7628866,43
159,59.79381443,44
160,60.82474227,45
161,61.8556701,46
162,61.8556701,46
163,62.88659794,47
164,63.91752577,48
165,64.94845361,49
166,64.94845361,50
167,65.97938144,50
168,67.01030928,51
169,68.04123711,50
170,68.36734694,51
171,68.68686869,52
172,69,53
173,70,54
174,70,54
175,69,53
176,69,53
177,69,54
178,69,54
179,69,55
180,69,55
181,69,55
182,69,55
183,69,56
184,69,57
185,70,58
186,70,58
187,70,58
188,70,59
189,69,60
190,69,61
191,68,61
192,67,62
193,67,62
194,66,62.62626263
195,65,62.62626263
196,66,63.63636364
197,66,63.63636364
198,65,63.63636364
199,64,63.63636364
200,64,63.63636364
201,63,63.63636364
202,62,63.63636364
203,61,64.64646465
204,60,64.64646465
205,59,63.63636364
206,60,64.64646465
207,59,63.63636364
208,58,63.63636364
209,58,64.64646465
210,57,63.63636364
211,56,62.62626263
212,56,62.62626263
213,56,62.62626263
214,55,61.61616162
215,54,61.61616162
216,55,61.61616162
217,55,61.61616162
218,56,62.62626263
219,56,63.63636364
220,56,64.64646465
221,56,64.64646465
222,55,64.64646465
223,56,65.65656566
224,57,66.66666667
225,58,67.67676768
226,59,68.68686869
227,59,68.68686869
228,60,69.6969697
229,60,70.70707071
230,59,69.6969697
231,59,69.6969697
232,60,69.6969697
233,59,70.70707071
234,58,70.70707071
235,58,70.70707071
236,58,71.71717172
237,57,71.71717172
238,57,71.71717172
239,57,71.71717172
240,57,71.71717172
241,57,72.72727273
242,56,71.71717172
243,57,71.71717172
244,57,71.71717172
245,57,72.72727273
246,57,72.72727273
247,58,73.73737374
248,59,73.73737374
249,59,73.73737374
250,58,72.72727273
251,58,72.72727273
252,57,71.71717172
253,57,72.72727273
254,57,72.72727273
255,58,73.73737374
256,57,73.73737374
257,56,73.73737374
258,55,72.72727273
259,54,71.71717172
260,53,70.70707071
261,52,70.40816327
262,51,69.3877551
263,50,68.36734694
264,49,67.34693878
265,49,66.32653061
266,49,65.30612245
267,48,64.28571429
268,48,64.28571429
269,48,65.30612245
270,47,64.28571429
271,47,64.28571429
272,47,64.28571429
273,47,64.28571429
274,47,64.28571429
275,48,65.30612245
276,48,65.30612245
277,48,65.30612245
278,48,65.30612245
279,49,65.30612245
280,49,65.30612245
281,49,65.30612245
282,49,65.30612245
283,49,65.30612245
284,49,65.30612245
285,49,65.30612245
286,49,65.30612245
287,49,65.30612245
288,49,65.30612245
289,49,65.30612245
290,50,65.30612245
291,51,65.30612245
292,52,65.30612245
293,53,66.32653061
294,54,66.66666667
295,55,66.66666667
296,55,66.66666667
297,55,66.66666667
298,56,66.66666667
299,56,67.67676768
300,57,67.67676768
301,58,67.67676768
302,59,67.67676768
303,60,67.67676768
304,61,67.67676768
305,62,68.68686869
306,62,67.67676768
307,63,67.67676768
308,64,67.67676768
309,65,67.67676768
310,66,68.68686869
311,67,69.6969697
312,68,70.70707071
313,69,71.71717172
314,70,72.72727273
315,71,71.71717172
316,71,72.72727273
317,72,73.73737374
318,71,72.72727273
319,71,72.72727273
320,71,72.72727273
321,71,73.73737374
322,72,74.74747475
323,72,74.74747475
324,72,74.74747475
325,72,74.74747475
326,72,74.74747475
327,72,74.74747475
328,72,74.74747475
329,72,74.74747475
330,73,75.75757576
331,73,75.75757576
332,72,74.74747475
333,72,73.73737374
334,73,74.74747475
335,73,73.73737374
336,73,73.73737374
337,73,74.74747475
338,72,73.73737374
339,71,73.73737374
340,71,73.73737374
341,72,73.73737374
342,73,74.74747475
343,73,74.74747475
344,73,75.75757576
345,74,75.75757576
346,75,75.75757576
347,74,75.75757576
348,74,75.75757576
349,74,75.75757576
350,75,76.76767677
351,75,76.76767677
352,76,77.77777778
353,75,76.76767677
354,74,75.75757576
355,74,75.75757576
356,74,74.74747475
357,74,73.73737374
358,74,74.74747475
359,74,74.74747475
360,75,75.75757576
361,76,76
362,76,77
363,77,78
364,78,78
365,77,78
366,78,79
367,79,80
368,79,80
369,78,80
370,78,81
371,77,81
372,76,80
373,75,79
374,74,78
375,73,77
376,73,77
377,73,77
378,73,77
379,73,77
380,73,77
381,73,77
382,73,77
383,72,77
384,72,77
385,72,77
386,72,77
387,72,77
388,72,76
389,73,76
390,73,76
391,73,77
392,73,77
393,72,77
394,72,77
395,72,77
396,72,77
397,72,77
398,72,77
399,72,77
400,72,77
401,72,77
402,72,77
403,72,77
404,72,78
405,72,78
406,72,79
407,72,80
408,72,80
409,72,80
410,72,80
411,72,80
412,72,80
413,72,80
414,72,80
415,72,81
416,72,81
417,72,81
418,73,82
419,73,82
420,73,82
421,73,81
422,73,81
423,73,81
424,73,81
425,72,80
426,72,80
427,71,79
428,71,79
429,70,78
430,70,78
431,70,78
432,70,78
433,71,79
434,71,79
435,71,79
436,71,79
437,72,78
438,72,79
439,73,80
440,74,81
441,74,81
442,73,80
443,73,79
444,74,78
445,73,78
446,73,78
447,74,78
448,73,78
449,73,78
450,73,78
451,73,78
452,73,78
453,74,78
454,75,79
455,75,79
456,76,80
457,77,81
458,78,81
459,79,81
460,79,81
461,79,81
462,80,81
463,80,81
464,80,82
465,81,83
466,81,83
467,81,83
468,81,83
469,82,83
470,83,83
471,84,83
472,85,84
473,86,85
474,87,86
475,88,87
476,88,87
477,88,86
478,88,86
479,88,86
480,87,86
481,87,86
482,87,86
483,88,86
484,88,86
485,88,86
486,88,86
487,88,85
488,88,86
489,88,86
490,87,86
491,87,86
492,87,86
493,87,85
494,87,85
495,87,85
496,86,85
497,85,85
498,85,84
499,86,84
500,86,84
501,86,84
502,86,84
503,86,84
504,85,83
505,85,83
506,85,83
507,85,83
508,85,83
509,85,83
510,85,83
511,85,83
512,85,83
513,84,82
514,83,82
515,83,82
516,83,82
517,83,82
518,83,82
519,83,82
520,83,82
521,82,83
522,82,83
523,81,83
524,81,83
525,82,84
526,82,84
527,83,85
528,83,85
529,84,86
530,83,85
531,83,85
532,84,86
533,84,86
534,84,85
535,85,86
536,85,85
537,85,86
538,86,86
539,86,86
540,86,86
541,86,86
542,87,87
543,87,88
544,87,89
545,88,89
546,88,88
547,88,88
548,89,88
549,89,87
550,89,87
551,89,87
552,88,87
553,88,88
554,88,88
555,87,88
556,87,88
557,87,88
558,87,87
559,87,87
560,87,87
561,87,86
562,87,86
563,87,86
564,86,85
565,86,85
566,85,84
567,85,84
568,85,84
569,85,84
570,85,84
571,85,84
572,85,84
573,85,83
574,85,83
575,85,83
576,85,83
577,85,84
578,85,84
579,84,84
580,84,83
581,83,82
582,82,81
583,82,81
584,82,81
585,81,81
586,81,81
587,81,82
588,81,81
589,81,80
590,82,79
591,82,78
592,81,77
593,82,78
594,81,78
595,80,77
596,80,77
597,81,77
598,81,78
599,81,78
600,81,78
601,80,78
602,80,78
603,80,78
604,81,79
605,81,79
606,81,79
607,81,79
608,81,79
609,81,79
610,81,79
611,81,79
612,81,79
613,82,80
614,82,80
615,82,80
616,82,80
617,82,80
618,82,80
619,82,80
620,82,80
621,83,80
622,83,80
623,84,80
624,84,80
625,84,80
626,84,80
627,84,80
628,84,80
629,84,80
630,85,81
631,85,81
632,85,81
633,85,81
634,85,82
635,85,82
636,85,83
637,85,83
638,85,83
639,85,83
640,85,82
641,85,82
642,84,81
643,84,81
644,83,80
645,83,80
646,83,81
647,83,81
648,83,81
649,83,82
650,82,81
651,82,81
652,83,81
653,82,80
654,82,80
655,83,80
656,83,80
657,82,79
658,82,80
659,82,81
660,82,81
661,82,82
662,82,82
663,82,82
664,83,83
665,83,83
666,84,84
667,84,84
668,84,84
669,84,84
670,83,84
671,83,84
672,83,84
673,83,85
674,83,85
675,83,85
676,83,85
677,83,85
678,83,85
679,84,85
680,85,86
681,86,87
682,87,88
683,86,88
684,86,88
685,87,88
686,87,88
687,87,88
688,87,89
689,87,90
690,87,91
691,86,91
692,86,91
693,85,90
694,86,90
695,87,91
696,88,91
697,88,91
698,88,91
699,87,90
700,87,90
701,88,90
702,88,90
703,88,89
704,88,88
705,88,88
706,87,88
707,87,88
708,87,88
709,87,88
710,87,88
711,87,88
712,87,88
713,86,88
714,87,88
715,87,88
716,87,87
717,86,87
718,85,87
719,85,87
720,85,86
721,85,86
722,85,86
723,84,85
724,83,85
725,83,85
726,83,84
727,83,84
728,83,83
729,83,83
730,83,82
731,83,82
732,82,81
733,82,81
734,82,81
735,82,81
736,82,81
737,82,81
738,82,80
739,82,80
740,82,81
741,82,81
742,83,82
743,83,82
744,84,83
745,83,82
746,83,82
747,83,82
748,82,81
749,81,80
750,81,80
751,81,79
752,81,79
753,81.81818182,79
754,81.81818182,79
755,80.80808081,78
756,80.80808081,78
757,81.81818182,78
758,81.81818182,78
759,81.81818182,78
760,81.81818182,78
761,80.80808081,78
762,80.80808081,78
763,79.7979798,77
764,79.7979798,77
765,79.7979798,76
766,79.7979798,76
767,79.7979798,76
768,78.78787879,76
769,78.78787879,76
770,79.7979798,76
771,79.7979798,75
772,79.7979798,75
773,79.7979798,75
774,79.7979798,74
775,79.7979798,74
776,79.7979798,74
777,79.7979798,74
778,79.7979798,74
779,79.7979798,73
780,79.7979798,73
781,79.7979798,73
782,78.78787879,73
783,79.7979798,73
784,79.7979798,73
785,78.78787879,72
786,78.78787879,72
787,78.78787879,72
788,78.78787879,72
789,78.78787879,71
790,78.78787879,70
791,79.7979798,71
792,80.80808081,71
793,81.81818182,72
794,81.81818182,72
795,81.81818182,72
796,81.81818182,72
797,81.81818182,72
798,81.81818182,72
799,82.82828283,73
800,82.82828283,73
801,82.82828283,73
802,82.82828283,73
803,81.81818182,74
804,80.80808081,74.74747475
805,79.7979798,73.73737374
806,79.7979798,72.72727273
807,78.78787879,71.71717172
808,77.77777778,71.71717172
809,77.77777778,71.71717172
810,77.77777778,70.70707071
811,77.77777778,70.70707071
812,77.77777778,70.70707071
813,77.77777778,70.70707071
814,77.77777778,69.6969697
815,76.76767677,68.68686869
816,75.75757576,68.68686869
817,75.75757576,67.67676768
818,75.75757576,67.67676768
819,74.74747475,67.67676768
820,73.73737374,67.67676768
821,72.72727273,66.66666667
822,71.71717172,65.65656566
823,72.72727273,66.66666667
824,73.73737374,66.66666667
825,73.73737374,66.66666667
826,73.73737374,67.67676768
827,73.73737374,66.66666667
828,73.73737374,67.67676768
829,72.72727273,66.66666667
830,72.72727273,66.66666667
831,71.71717172,66.66666667
832,72.72727273,67.67676768
833,72.72727273,67.67676768
834,72.72727273,67.67676768
835,72.72727273,66.66666667
836,72.72727273,66.66666667
837,71.71717172,66.66666667
838,71.71717172,66.66666667
839,71.71717172,65.65656566
840,71.71717172,65.65656566
841,71.71717172,65.65656566
842,71.71717172,65.65656566
843,71.71717172,65.65656566
844,71.71717172,65.65656566
845,72.72727273,66.66666667
846,72.72727273,66.66666667
847,71.71717172,65.65656566
848,72.72727273,66.66666667
849,72.72727273,66.66666667
850,73.73737374,67.67676768
851,73.73737374,68.68686869
852,73.73737374,68.68686869
853,73,68.68686869
854,73,68.68686869
855,74,69.6969697
856,74,69.6969697
857,73,70.70707071
858,73,69.6969697
859,73,69.6969697
860,73,69.6969697
861,74,69.6969697
862,73,69.6969697
863,73,69.6969697
864,73,69.6969697
865,72,69.6969697
866,71,68.68686869
867,70,67.67676768
868,70,66.66666667
869,70,65.65656566
870,70,65.65656566
871,70,65.65656566
872,70,65.65656566
873,70,65.65656566
874,70,66.66666667
875,70,66.66666667
876,69,65.65656566
877,69,65.65656566
878,69,64.64646465
879,69,65.65656566
880,68,64.64646465
881,67,64.64646465
882,68,64.64646465
883,67,63.63636364
884,67,63.63636364
885,68,64.64646465
886,67,63.63636364
887,67,63.63636364
888,67,63.63636364
889,67,64.64646465
890,67,65.65656566
891,66,65.65656566
892,66,66.66666667
893,66,66.66666667
894,66,66.66666667
895,66,66.66666667
896,66,66.66666667
897,66,65.65656566
898,65,64.64646465
899,65,64.64646465
900,64,63.63636364
901,63,62.62626263
902,62,62.62626263
903,63,61.61616162
904,63,61
905,64,62
906,65,63
907,66,64
908,67,64
909,67,63
910,67,64
911,67,64
912,67,64
913,68,63
914,68,64
915,69,65
916,70,66
917,71,67
918,72,67
919,73,67
920,74,68
921,75,69
922,76,70
923,75,70
924,75,70
925,75,70
926,75,70
927,75,71
928,75,71
929,76,72
930,76,73
931,77,73
932,76,72
933,76,72
934,76,72
935,75,72
936,75,72
937,75,71
938,74,72
939,74,73
940,74,73
941,74,73
942,74,73
943,73,72
944,73,72
945,72,71
946,71,70
947,72,70
948,72,70
949,72,70
950,71,69
951,71,69
952,71,68
953,72,68
954,71,67
955,70,66.66666667
956,69,65.65656566
957,69,64.64646465
958,68,64.64646465
959,68,64.64646465
960,67.67676768,63.63636364
961,67.34693878,62.62626263
962,67.34693878,62.62626263
963,67.34693878,63.63636364
964,67.34693878,62.62626263
965,67.34693878,63.63636364
966,67.34693878,63.63636364
967,68.36734694,64.64646465
968,69.3877551,64.64646465
969,69.3877551,65.65656566
970,69.3877551,65.65656566
971,69.3877551,66.66666667
972,69.3877551,66.66666667
973,69.3877551,66.66666667
974,68.36734694,65.65656566
975,68.36734694,64.64646465
976,69.3877551,65.65656566
977,69.3877551,65.65656566
978,69.3877551,66.66666667
979,69.3877551,66.66666667
980,70.40816327,66.66666667
981,71.42857143,66.66666667
982,71.42857143,66.66666667
983,72.44897959,67.67676768
984,72.44897959,67.67676768
985,72.44897959,67.67676768
986,73.46938776,67.67676768
987,73.46938776,67.67676768
988,73.46938776,67.67676768
989,73.46938776,66.66666667
990,72.44897959,65.65656566
991,73.46938776,64.64646465
992,72.44897959,64.64646465
993,71.42857143,63.63636364
994,70.40816327,62.62626263
995,69.3877551,62.24489796
996,68.36734694,61.8556701
997,67.34693878,62.5
998,67.34693878,62.5
999,66.32653061,61.45833333
1000,66.32653061,61.45833333
1001,66.32653061,61.45833333
1002,67.34693878,60.41666667
1003,67.34693878,61.45833333
1004,68.04123711,61.45833333
1005,68.04123711,61.45833333
1006,68.04123711,61.45833333
1007,67.01030928,60.41666667
1008,65.97938144,59.375
1009,64.94845361,59.375
1010,63.91752577,59.375
1011,62.88659794,59.375
1012,62.88659794,59.375
1013,62.88659794,60.41666667
1014,62.88659794,60.41666667
1015,62.88659794,60.41666667
1016,62.88659794,60.41666667
1017,62.88659794,60.41666667
1018,61.8556701,59.375
1019,61.8556701,59.375
1020,60.82474227,58.33333333
1021,59.79381443,58.33333333
1022,59.79381443,57.29166667
1023,60.82474227,57.29166667
1024,60.82474227,56.25
1025,60.82474227,55.20833333
1026,60.82474227,54.16666667
1027,60.82474227,54.16666667
1028,60.82474227,54.16666667
1029,60.82474227,54.16666667
1030,60.82474227,54.16666667
1031,60.82474227,54.16666667
1032,61.8556701,55.20833333
1033,61.8556701,55.20833333
1034,60.82474227,54.16666667
1035,61.8556701,55.20833333
1036,61.8556701,55.20833333
1037,61.8556701,55.20833333
1038,61.8556701,55.20833333
1039,60.82474227,55.20833333
1040,60.82474227,55.20833333
1041,60.82474227,55.20833333
1042,60.82474227,55.20833333
1043,60.82474227,55.20833333
1044,60.82474227,55.20833333
1045,61.8556701,56.25
1046,62.88659794,57.29166667
1047,62.88659794,58.33333333
1048,62.88659794,58.33333333
1049,63.91752577,59.375
1050,64.94845361,60.41666667
1051,63.91752577,59.375
1052,63.91752577,60.41666667
1053,62.88659794,60.41666667
1054,62.88659794,61.45833333
1055,63.91752577,61.8556701
1056,63.91752577,61.8556701
1057,64.94845361,61.8556701
1058,64.94845361,61.8556701
1059,63.91752577,60.82474227
1060,64.28571429,60.82474227
1061,63.63636364,60.82474227
1062,64.64646465,60.82474227
1063,65.65656566,59.79381443
1064,65.65656566,59.79381443
1065,66.66666667,59.79381443
1066,66.66666667,59.79381443
1067,66.66666667,58.7628866
1068,65.65656566,58.7628866
1069,64.64646465,57.73195876
1070,63.63636364,56.70103093
1071,63.63636364,55.67010309
1072,63.63636364,55.67010309
1073,63.63636364,54.63917526
1074,63.63636364,55.67010309
1075,63.63636364,56.70103093
1076,63.63636364,56.70103093
1077,62.62626263,56.70103093
1078,62.62626263,56.70103093
1079,62.62626263,56.70103093
1080,62.62626263,57.73195876
1081,62.62626263,57.73195876
1082,62.62626263,57.73195876
1083,61.61616162,56.70103093
1084,60.60606061,55.67010309
1085,59.5959596,54.63917526
1086,59.5959596,55.67010309
1087,59.5959596,54.63917526
1088,59.5959596,54.63917526
1089,59.5959596,55.67010309
1090,60.60606061,56.70103093
1091,59.5959596,56.70103093
1092,60.60606061,56.70103093
1093,61.61616162,57.73195876
1094,62.62626263,58.7628866
1095,63.63636364,59.18367347
1096,64.64646465,59.5959596
1097,65.65656566,59
1098,66.66666667,60
1099,66.66666667,60
1100,66.66666667,61
1101,66.66666667,62
1102,66.66666667,63
1103,66.66666667,63
1104,66,64
1105,66,64
1106,66,64
1107,67,65
1108,68,66
1109,69,67
1110,70,67
1111,71,66
1112,71,66
1113,71,66
1114,71,66
1115,71,66
1116,71,66
1117,71,66
1118,72,67
1119,72,67
1120,73,68
1121,73,68
1122,72,69
1123,71,68
1124,70,68
1125,70,68
1126,70,68
1127,70,67
1128,70,66
1129,69,65
1130,69,65
1131,69,65
1132,68,65
1133,67,64
1134,68,65
1135,67,64
1136,67,64
1137,68,65
1138,69,65
1139,70,65
1140,70,65
1141,70,65
1142,70,65
1143,71,66
1144,71,66
1145,71,66
1146,70,66
1147,70,66
1148,70,66
1149,70,65
1150,70,64
1151,71,65
1152,71,65
1153,72,65
1154,73,65
1155,73,65
1156,73,65
1157,72,65
1158,72,65
1159,72,66
1160,71,66
1161,72,67
1162,72,67
1163,71,67
1164,70,67
1165,70,67
1166,71,67
1167,70,67
1168,71,67
1169,72,68
1170,73,69
1171,72,70
1172,72,69
1173,72,70
1174,73,70
1175,72,69
1176,72,69
1177,73,69
1178,73,68
1179,73,67
1180,73,66
1181,72,66
1182,72,65
1183,73,66
1184,74,67
1185,75,68
1186,75,68
1187,75,69
1188,74,69
1189,74,69
1190,74,69
1191,75,70
1192,75,70
1193,75,69
1194,75,69
1195,75,69
1196,75,69
1197,75,69
1198,75,69
1199,76,70
1200,77,69
1201,78,69
1202,78,69
1203,78,69
1204,79,68
1205,79,68
1206,79,67
1207,78,66
1208,78,66
1209,77,66
1210,77,66
1211,77,66
1212,77,66
1213,77,66
1214,77,65
1215,76,65
1216,76,64
1217,75,63
1218,74,62
1219,73,61
1220,73,61
1221,74,61
1222,75,61
1223,75,61
1224,76,62
1225,76,63
1226,75,63
1227,74,64
1228,74,65
1229,75,66
1230,75,66
1231,75,66
1232,76,66
1233,76,66
1234,76,66
1235,76,66
1236,76,66
1237,76,66
1238,76,66
1239,76,66
1240,76,66
1241,76,66
1242,76,66
1243,76,66
1244,76,66
1245,76,66
1246,77,66
1247,77,66
1248,77,66
1249,77,67
1250,77,68
1251,76,68
1252,76,67
1253,76,68
1254,76,67
1255,76,67
1256,77,68
1257,78,69
1258,79,70
1259,80,69
1260,81,70
1261,81,70
1262,81,70
1263,82,71
1264,83,72
1265,83,72
1266,83,73
1267,84,73
1268,83,73
1269,83,73
1270,83,73
1271,84,73
1272,83,73
1273,83,73
1274,83,73
1275,84,74
1276,84,74
1277,84,73
1278,84,74
1279,83,75
1280,83,76
1281,84,76
1282,84,76
1283,84,76
1284,84,75
1285,84,74
1286,84,73
1287,84,73
1288,85,72
1289,85,72
1290,84,71
1291,84,70
1292,83,69
1293,83,70
1294,83,70
1295,82,70
1296,82,70
1297,82,71
1298,82,71
1299,81,70
1300,81,70
1301,81,69
1302,80,68
1303,79,68
1304,78,68
1305,78,68
1306,78,69
1307,79,69
1308,78,69
1309,79,69
1310,79,69
1311,79,70
1312,79,70
1313,79,70
1314,79,71
1315,80,71
1316,80,72
1317,80,72
1318,80,72
1319,81,73
1320,81,73
1321,81,73
1322,81,73
1323,82,74
1324,82,74
1325,82,74
1326,83,75
1327,84,74
1328,84,74
1329,84,74
1330,84,74
1331,84,74
1332,84,73
1333,85,74
1334,84,73
1335,85,74
1336,85,73
1337,85,73
1338,85,73
1339,84,73
1340,84,73
1341,84,73
1342,83,72
1343,83,72
1344,83,71
1345,83,71
1346,83,71
1347,82,70
1348,82,70
1349,81,69
1350,81,69
1351,82,68
1352,82,68
1353,81,67
1354,81,68
1355,81,68
1356,81,68
1357,81,68
1358,80,68
1359,79,68
1360,79,68
1361,79,68
1362,79,68
1363,79,68
1364,79,68
1365,79,68
1366,79,68
1367,79,69
1368,80,70
1369,80,70
1370,80,69
1371,80,69
1372,81,70
1373,80,70
1374,80,70
1375,80,69
1376,80,69
1377,80,69
1378,80,68
1379,81,67
1380,80,66
1381,79,66
1382,79,66
1383,79,65
1384,79,66
1385,79,66
1386,79,67
1387,79,67
1388,79,68
1389,79,67
1390,79,67
1391,78,67
1392,79,68
1393,78,67
1394,77,66
1395,78,66
1396,78,66
1397,78,66
1398,77,65
1399,78,66
1400,78,67
1401,78,68
1402,78,68
1403,79,68
1404,80,69
1405,80,69
1406,80,69
1407,80,70
1408,80,69
1409,80,68
1410,80,68
1411,80,68
1412,80,68
1413,80,67
1414,80,67
1415,79,67
1416,79,67
1417,79,68
1418,79,69
1419,79,69
1420,79,69
1421,78,68
1422,78,68
1423,77,68
1424,77,67
1425,77,67
1426,77,66
1427,77,67
1428,77,67
1429,77,66
1430,77,66
1431,77,66
1432,77,67
1433,77,67
1434,78,67
1435,78,67
1436,78,68
1437,78,68
1438,78,68
1439,79,68
1440,79,68
1441,79,68
1442,80,69
1443,80,69
1444,79,70
1445,79,70
1446,79,70
1447,80,71
1448,80,71
1449,81,72
1450,81,72
1451,81,73
1452,81,74
1453,82,75
1454,82,74
1455,82,74
1456,81,74
1457,81,74
1458,81,74
1459,82,75
1460,82,74
1461,82,74
1462,82,74
1463,82,74
1464,82,74
1465,82,74
1466,82,74
1467,82,74
1468,81,74
1469,81,74
1470,81,75
1471,81,75
1472,81,75
1473,82,75
1474,82,75
1475,82,76
1476,82,76
1477,82,77
1478,82,78
1479,81,78
1480,82,79
1481,83,79
1482,82,79
1483,82,80
1484,82,80
1485,82,81
1486,82,81
1487,82,81
1488,82,81
1489,82,82
1490,83,83
1491,84,84
1492,84,84
1493,85,85
1494,86,86
1495,86,86
1496,86,86
1497,86,86
1498,87,87
1499,87,87
1500,87,87
1501,87,87
1502,88,88
1503,88,88
1504,88,88
1505,88,88
1506,88,88
1507,88,88
1508,89,89
1509,89,90
1510,89,90
1511,89,90
1512,89,90
1513,89,91
1514,89,91
1515,90,91
1516,90,91
1517,91,91
1518,92,91
1519,92,91
1520,92,91
1521,93,92
1522,93,92
1523,94,92
1524,94,93
1525,94,93
1526,94,94
1527,94,94
1528,94,94
1529,94,95
1530,94,95
1531,94,95
1532,94,95
1533,94,95
1534,94,96
1535,94,96
1536,94,96
1537,94,96
1538,94,96
1539,94,96
1540,93,96
1541,93,96
1542,93,96
1543,93,96
1544,94,96
1545,94,96
1546,94,96
1547,93,96
1548,93,96
1549,93,96
1550,93,96
1551,93,96
1552,93,96
1553,93,96
1554,93,97
1555,93,97
1556,94,97
1557,94,97
1558,95,97
1559,95,97
1560,94,97
1561,94,97
1562,94,97
1563,94,97
1564,94,97
1565,94,97
1566,94,97
1567,94,97
1568,95,97
1569,94,96
1570,94,96
1571,94,96
1572,94,96
1573,94,96
1574,94,96
1575,94,96
1576,94,96
1577,93,95
1578,93,95
1579,93,95
1580,93,95
1581,93,95
1582,94,96
1583,94,96
1584,94,95
1585,93,95
1586,93,95
1587,93,95
1588,93,95
1589,93,95
1590,93,95
1591,93,95
1592,93,95
1593,93,95
1594,92,95
1595,91,95
1596,90,94
1597,90,94
1598,90,94
1599,89,94
1600,89,94
1601,89,94
1602,89,94
1603,89,94
1604,88,94
1605,88,94
1606,88,94
1607,88,94
1608,88,94
1609,88,94
1610,88,94
1611,88,94
1612,88,94
1613,88,94
1614,88,94
1615,88,94
1616,88,94
1617,88,94
1618,88,94
1619,88,94
1620,88,94
1621,87,93
1622,87,93
1623,87,93
1624,87,93
1625,87,93
1626,87,93
1627,87,93
1628,86,92
1629,86,92
1630,86,92
1631,85,91
1632,85,91
1633,85,91
1634,85,91
1635,85,91
1636,85,91
1637,85,91
1638,84,91
1639,84,91
1640,85,91
1641,85,91
1642,84,90.90909091
1643,84,89.8989899
1644,84,88.88888889
1645,84,88.88888889
1646,84,87.87878788
1647,84,86.86868687
1648,84,86.86868687
1649,83,85.85858586
1650,82,84.84848485
1651,82,84.84848485
1652,81,83.83838384
1653,81,83.83838384
1654,80,82.82828283
1655,79,81.81818182
1656,78,80.80808081
1657,78,80.80808081
1658,78,80.80808081
1659,77,80.80808081
1660,77,80.80808081
1661,77,79.7979798
1662,77,79.7979798
1663,76,78.78787879
1664,75,78.78787879
1665,75,78.78787879
1666,74,77.77777778
1667,73,76.76767677
1668,72,76.76767677
1669,73,77.77777778
1670,73,77.77777778
1671,73,77.77777778
1672,72,76.76767677
1673,72,76.76767677
1674,72,76.76767677
1675,71,75.75757576
1676,71,75.75757576
1677,71,75.75757576
1678,71,75.75757576
1679,72,76.76767677
1680,72,76.76767677
1681,71,75.75757576
1682,70,74.74747475
1683,70,74.74747475
1684,70,75.75757576
1685,71,75.75757576
1686,70,75.75757576
1687,69,75.75757576
1688,68,74.74747475
1689,68,74.74747475
1690,67,73.73737374
1691,66,73.73737374
1692,66,73.73737374
1693,65,73.73737374
1694,66,73.73737374
1695,66,72.72727273
1696,66,72.72727273
1697,66,72.72727273
1698,66,72.72727273
1699,67,72.72727273
1700,67,72.72727273
1701,67,72.72727273
1702,66,71.71717172
1703,65,71.71717172
1704,66,71.71717172
1705,66,71.71717172
1706,66,71.71717172
1707,66,71.71717172
1708,66,71.71717172
1709,66,71.71717172
1710,66,70.70707071
1711,66,70.70707071
1712,66,70.70707071
1713,66,70.70707071
1714,66,70.70707071
1715,66,69.6969697
1716,66,68.68686869
1717,66,68.68686869
1718,66,68.68686869
1719,66,68.68686869
1720,66,68.68686869
1721,67,69.6969697
1722,67,69.6969697
1723,66,68.68686869
1724,66,68.68686869
1725,65,67.67676768
1726,64,67.67676768
1727,63,66.66666667
1728,64,66.66666667
1729,64,66.66666667
1730,63,65.65656566
1731,63,65.65656566
1732,62,64.64646465
1733,61,63.63636364
1734,61,62.62626263
1735,61,62.62626263
1736,61,62.62626263
1737,61,62.62626263
1738,62,62.62626263
1739,62,62.62626263
1740,61,62.62626263
1741,60,61.61616162
1742,60,62
1743,59,62
1744,59,63
1745,59,63
1746,58,63
1747,58,63
1748,57,62
1749,57.57575758,62
1750,58.58585859,63
1751,58.58585859,62
1752,58.58585859,62
1753,58.58585859,62
1754,59.5959596,63
1755,59.5959596,63
1756,60.60606061,64
1757,60.60606061,64
1758,60.60606061,64
1759,61.61616162,64
1760,62.62626263,65
1761,62.62626263,66
1762,62.62626263,66
1763,63.63636364,67
1764,64.64646465,67
1765,63.63636364,66
1766,64.64646465,67
1767,65.65656566,68
1768,66.66666667,68
1769,65.65656566,68
1770,65.65656566,68
1771,65.65656566,68
1772,66.66666667,69
1773,65.65656566,69
1774,64.64646465,68
1775,65.65656566,69
1776,65.65656566,69
1777,66.66666667,70
1778,66.66666667,69
1779,66.66666667,69
1780,66.66666667,68
1781,67.67676768,69
1782,67.67676768,69
1783,66.66666667,68
1784,65.65656566,67
1785,64.64646465,66
1786,64.64646465,65
1787,65.65656566,64
1788,65.65656566,64
1789,65.65656566,63
1790,66.66666667,64
1791,67.67676768,64
1792,67.67676768,64
1793,68.68686869,64
1794,68.68686869,64
1795,69.6969697,65
1796,70.70707071,66
1797,70.70707071,66
1798,70.70707071,66
1799,69.6969697,65
1800,69.6969697,65
1801,68.68686869,64
1802,68.68686869,65
1803,69.6969697,65
1804,69.6969697,65
1805,69.6969697,65
1806,69.6969697,65
1807,69.6969697,65
1808,69.6969697,65
1809,69.6969697,65
1810,68.68686869,65
1811,68.68686869,65
1812,68.68686869,65
1813,67.67676768,64
1814,67.67676768,64
1815,66.66666667,65
1816,66.66666667,66
1817,66.66666667,66
1818,65.65656566,65
1819,65.65656566,65
1820,64.64646465,64
1821,64.64646465,64
1822,64.64646465,64
1823,65.65656566,65
1824,65.65656566,65
1825,66.66666667,66
1826,67.67676768,66
1827,68.68686869,66
1828,68.68686869,67
1829,68.68686869,67
1830,68.68686869,67
1831,68.68686869,67
1832,69.6969697,68
1833,70.70707071,69
1834,69.6969697,70
1835,69.6969697,70
1836,69.6969697,70
1837,69.6969697,70
1838,69.6969697,70
1839,69.6969697,70
1840,70.70707071,70
1841,71.71717172,71
1842,72.72727273,71
1843,73.73737374,72
1844,73.73737374,72
1845,73.73737374,72
1846,74.74747475,73
1847,75.75757576,74
1848,76.76767677,75
1849,77,76
1850,77,76
1851,77,77
1852,78,78
1853,78,78
1854,77,78
1855,77,79
1856,77,79
1857,76,79
1858,76,78
1859,76,78
1860,76,78
1861,75,77
1862,74,76
1863,73,75
1864,73,75
1865,74,76
1866,73,75
1867,73,75
1868,72,74
1869,73,74
1870,73,74
1871,73,74
1872,73,74
1873,74,73
1874,75,74
1875,74,73
1876,74,73
1877,74,73
1878,74,74
1879,74,74
1880,74,75
1881,73,75
1882,74,76
1883,75,77
1884,75,77
1885,76,78
1886,77,79
1887,77,80
1888,78,80
1889,78,81
1890,78,81
1891,78,81
1892,78,81
1893,77,80
1894,77,80
1895,77,80
1896,77,80
1897,77,80
1898,77,80
1899,78,80
1900,78,80
1901,79,80
1902,80,80
1903,80,80
1904,80,80
1905,80,80
1906,80,80
1907,80,80
1908,80,80
1909,80,80
1910,80,80
1911,80,79
1912,80,79
1913,81,80
1914,81,80
1915,82,80
1916,81,80
1917,81,80
1918,82,80
1919,82,80
1920,83,81
1921,83,81
1922,83,81
1923,83,81
1924,83,81
1925,82,80
1926,82,80
1927,82,81
1928,82,81
1929,81,80
1930,82,81
1931,83,82
1932,83,82
1933,83,82
1934,84,82
1935,84,82
1936,83,81
1937,83,81
1938,82,80
1939,82,80
1940,81,79
1941,80,78
1942,80,78
1943,79,77
1944,79,76
1945,79,76
1946,78,75
1947,78,74
1948,78,74
1949,78,74
1950,77,73
1951,76,73
1952,76,73
1953,76,73
1954,77,73
1955,78,73
1956,78,73
1957,79,73
1958,79,74
1959,79,74
1960,78,74
1961,79,74
1962,79,74
1963,79,74
1964,79,74
1965,79,74
1966,80,75
1967,80,75
1968,80,75
1969,80,75
1970,80,75
1971,79,75
1972,79,75
1973,79,76
1974,79,76
1975,79,77
1976,79,77
1977,79,77
1978,79,77
1979,79,77
1980,78,76
1981,79,76
1982,79,76
1983,79,76
1984,80,77
1985,79,77
1986,78,76
1987,78,76
1988,77,77
1989,77,77
1990,77,77
1991,77,77
1992,77,77
1993,78,78
1994,78,78
1995,77,78
1996,77,78
1997,76,77
1998,76,77
1999,76,78
2000,75,77
2001,75,78
2002,75,78
2003,75,77
2004,74,76
2005,74,76
2006,74,76
2007,74,75
2008,74,75
2009,74,75
2010,75,76
2011,75,77
2012,75,77
2013,75,77
2014,75,77
2015,75,77
2016,76,77
2017,76,77
2018,75,77
2019,74,76
2020,73,75
2021,73,75
2022,73,75
2023,72,74
2024,72,74
2025,73,75
2026,73,75
2027,73,75
2028,73,75
2029,74,76
2030,74,76
2031,74,76
2032,74,76
2033,74,76
2034,74,76
2035,73,75
2036,74,76
2037,74,76
2038,74,76
2039,74,75
2040,75,76
2041,76,77
2042,76,77
2043,76,77
2044,76,77
2045,76,77
2046,77,77
2047,77,77
2048,77,77
2049,77,77
2050,78,77
2051,79,77
2052,79,77
2053,79,77
2054,79,77
2055,79,77
2056,79,77
2057,79,77
2058,79,77
2059,79,77
2060,80,77
2061,79,77
2062,80,78
2063,81,79
2064,80,79
2065,80,79
2066,80,79
2067,80,79
2068,81,80
2069,81,80
2070,81,80
2071,81,80
2072,81,80
2073,81,80
2074,80,79
2075,81,78
2076,81,78
2077,81,78
2078,81,78
2079,81,78
2080,81,78
2081,81,78
2082,80,77
2083,80,77
2084,80,77
2085,81,77
2086,81,77
2087,81,76
2088,82,76
2089,82,76
2090,81,76
2091,81,76
2092,81,76
2093,81,76
2094,81,76
2095,81,75
2096,81,74
2097,82,75
2098,81,75
2099,80,74
2100,81,75
2101,81,75
2102,81,75
2103,80,75
2104,81,76
2105,80,75
2106,80,74
2107,79,74
2108,79,74
2109,79,74
2110,79,74
2111,79,74
2112,79,74
2113,79,74
2114,79,74
2115,79,74
2116,79,74
2117,79,74
2118,80,75
2119,80,75
2120,81,76
2121,81,76
2122,81,76
2123,81,76
2124,81,76
2125,81,76
2126,81,76
2127,81,76
2128,81,76
2129,81,76
2130,81,76
2131,81,76
2132,81,76
2133,81,76
2134,81,76
2135,82,77
2136,82,77
2137,82,77
2138,83,78
2139,83,79
2140,83,79
2141,83,79
2142,83,79
2143,84,80
2144,84,81
2145,84,81
2146,84,82
2147,84,83
2148,84,83
2149,84,83
2150,84,84
2151,84,84
2152,84,84
2153,84,84
2154,84,84
2155,84,83
2156,84,83
2157,84,83
2158,83,82
2159,83,82
2160,83,82
2161,83,82
2162,83,82
2163,83,82
2164,84,82
2165,84,82
2166,84,82
2167,84,82
2168,84,82
2169,84,82
2170,84,82
2171,85,82
2172,85,82
2173,84,82
2174,85,83
2175,85,84
2176,85,83
2177,84,83
2178,84,83
2179,84,83
2180,84,83
2181,84,83
2182,85,84
2183,85,84
2184,85,84
2185,85,84
2186,86,85
2187,86,86
2188,86,86
2189,86,86
2190,87,86
2191,87,86
2192,87,86
2193,87,86
2194,87,86
2195,88,87
2196,88,88
2197,88,88
2198,89,87
2199,90,88
2200,89,88
2201,89,88
2202,88,87
2203,89,87
2204,89,87
2205,90,88
2206,89,88
2207,90,89
2208,90,89
2209,90,88
2210,90,88
2211,89,88
2212,89,88
2213,89,88
2214,89,88
2215,89,88
2216,89,88
2217,89,88
2218,89,87
2219,90,87
2220,90,87
2221,89,86
2222,88,85
2223,89,86
2224,89,86
2225,89,85
2226,89,85
2227,89,85
2228,89,84
2229,89,84
2230,89,84
2231,89,84
2232,89,84
2233,89,83
2234,88,82
2235,87,82
2236,87,82
2237,87,81
2238,87,81
2239,87,81
2240,87,81
2241,87,81
2242,87,81
2243,87,81
2244,87,81
2245,87,81
2246,87,81
2247,87,81
2248,87,81
2249,87,81
2250,87,81
2251,86,80
2252,86,80
2253,86,80
2254,86,80
2255,86,81
2256,86,81
2257,86,81
2258,87,82
2259,87,82
2260,87,82
2261,88,83
2262,88,83
2263,88,83
2264,88,83
2265,88,83
2266,88,83
2267,88,83
2268,88,83
2269,88,82
2270,88,82
2271,88,82
2272,88,82
2273,89,82
2274,89,82
2275,88,81
2276,88,82
2277,88,82
2278,88,82
2279,88,82
2280,89,83
2281,89,83
2282,89,83
2283,89,83
2284,89,83
2285,89,83
2286,89,83
2287,89,83
2288,89,83
2289,89,83
2290,89,83
2291,89,83
2292,89,83
2293,89,83
2294,89,83
2295,89,83
2296,89,83
2297,88,82
2298,87,83
2299,87,83
2300,87,82
2301,87,82
2302,88,83
2303,88,83
2304,87,82
2305,87,81
2306,88,82
2307,88,82
2308,88,82
2309,88,83
2310,88,83
2311,89,83
2312,89,83
2313,89,83
2314,89,83
2315,89,83
2316,89,82
2317,88,81
2318,88,82
2319,88,83
2320,88,83
2321,89,84
2322,90,85
2323,90,85
2324,90,85
2325,90,86
2326,90,86
2327,90,86
2328,90,87
2329,90,87
2330,90,87
2331,90,87
2332,90,87
2333,90,88
2334,91,89
2335,92,89
2336,92,89
2337,92,90
2338,92,90
2339,92,90
2340,91,89
2341,91,89
2342,91,89
2343,90,88
2344,90,87
2345,90,87
2346,90,87
2347,90,87
2348,90,87
2349,90,87
2350,90,87
2351,91,88
2352,91,88
2353,91,88
2354,91,88
2355,91,88
2356,91,88
2357,91,88
2358,91,88
2359,91,88
2360,91,88
2361,91,88
2362,91,88
2363,91,88
2364,91,88
2365,91,88
2366,91,88
2367,91,88
2368,91,88
2369,91,89
2370,91,89
2371,91,89
2372,91,89
2373,91,89
2374,91,89
2375,92,90
2376,92,90
2377,93,90
2378,93,90
2379,93,90
2380,93,89
2381,93,89
2382,93,89
2383,93,89
2384,93,89
2385,93,89
2386,92,88
2387,91,87
2388,91,87
2389,91,87
2390,91,86
2391,90,85
2392,90,85
2393,90,85
2394,89,84
2395,89,84
2396,89,84
2397,90,85
2398,91,85
2399,90,84
2400,91,85
2401,91,85
2402,91,85
2403,91,86
2404,91,86
2405,91,87
2406,91,87
2407,91,87
2408,91,87
2409,91,87
2410,91,87
2411,91,87
2412,91,87
2413,91,87
2414,91,87
2415,91,87
2416,91,88
2417,92,89
2418,91,89
2419,91,89
2420,91,88
2421,91,87