Position,Peptide
1,5UTR
2,5UTR
3,5UTR
4,5UTR
5,5UTR
6,5UTR
7,5UTR
8,5UTR
9,5UTR
10,5UTR
11,5UTR
12,5UTR
13,5UTR
14,5UTR
15,5UTR
16,5UTR
17,5UTR
18,5UTR
19,5UTR
20,5UTR
21,5UTR
22,5UTR
23,5UTR
24,5UTR
25,5UTR
26,5UTR
27,5UTR
28,5UTR
29,5UTR
30,5UTR
31,5UTR
32,5UTR
33,5UTR
34,5UTR
35,5UTR
36,5UTR
37,5UTR
38,5UTR
39,5UTR
40,5UTR
41,5UTR
42,5UTR
43,5UTR
44,5UTR
45,5UTR
46,5UTR
47,5UTR
48,5UTR
49,5UTR
50,5UTR
51,5UTR
52,5UTR
53,5UTR
54,5UTR
55,5UTR
56,5UTR
57,5UTR
58,5UTR
59,5UTR
60,5UTR
61,5UTR
62,5UTR
63,5UTR
64,5UTR
65,5UTR
66,5UTR
67,5UTR
68,5UTR
69,5UTR
70,5UTR
71,5UTR
72,5UTR
73,5UTR
74,5UTR
75,5UTR
76,5UTR
77,5UTR
78,5UTR
79,5UTR
80,5UTR
81,5UTR
82,5UTR
83,5UTR
84,5UTR
85,5UTR
86,5UTR
87,5UTR
88,5UTR
89,5UTR
90,5UTR
91,5UTR
92,5UTR
93,5UTR
94,5UTR
95,5UTR
96,5UTR
97,5UTR
98,5UTR
99,5UTR
100,5UTR
101,5UTR
102,5UTR
103,5UTR
104,5UTR
105,5UTR
106,5UTR
107,5UTR
108,5UTR
109,5UTR
110,5UTR
111,5UTR
112,5UTR
113,5UTR
114,5UTR
115,5UTR
116,5UTR
117,5UTR
118,5UTR
119,5UTR
120,5UTR
121,5UTR
122,5UTR
123,5UTR
124,5UTR
125,5UTR
126,5UTR
127,5UTR
128,5UTR
129,5UTR
130,5UTR
131,5UTR
132,5UTR
133,5UTR
134,5UTR
135,5UTR
136,5UTR
137,5UTR
138,5UTR
139,5UTR
140,5UTR
141,5UTR
142,5UTR
143,5UTR
144,5UTR
145,5UTR
146,5UTR
147,5UTR
148,5UTR
149,5UTR
150,5UTR
151,5UTR
152,5UTR
153,5UTR
154,5UTR
155,5UTR
156,5UTR
157,5UTR
158,5UTR
159,5UTR
160,5UTR
161,5UTR
162,5UTR
163,5UTR
164,5UTR
165,5UTR
166,5UTR
167,5UTR
168,5UTR
169,5UTR
170,5UTR
171,5UTR
172,5UTR
173,5UTR
174,5UTR
175,5UTR
176,5UTR
177,5UTR
178,5UTR
179,5UTR
180,5UTR
181,5UTR
182,5UTR
183,5UTR
184,5UTR
185,5UTR
186,5UTR
187,5UTR
188,5UTR
189,5UTR
190,5UTR
191,5UTR
192,5UTR
193,5UTR
194,5UTR
195,5UTR
196,5UTR
197,5UTR
198,5UTR
199,5UTR
200,5UTR
201,5UTR
202,5UTR
203,5UTR
204,5UTR
205,5UTR
206,5UTR
207,5UTR
208,5UTR
209,5UTR
210,5UTR
211,5UTR
212,5UTR
213,5UTR
214,5UTR
215,5UTR
216,5UTR
217,5UTR
218,5UTR
219,5UTR
220,5UTR
221,5UTR
222,5UTR
223,5UTR
224,5UTR
225,5UTR
226,5UTR
227,5UTR
228,5UTR
229,5UTR
230,5UTR
231,5UTR
232,5UTR
233,5UTR
234,5UTR
235,5UTR
236,5UTR
237,5UTR
238,5UTR
239,5UTR
240,5UTR
241,5UTR
242,5UTR
243,5UTR
244,5UTR
245,5UTR
246,5UTR
247,5UTR
248,5UTR
249,5UTR
250,5UTR
251,5UTR
252,5UTR
253,5UTR
254,5UTR
255,5UTR
256,5UTR
257,5UTR
258,5UTR
259,5UTR
260,5UTR
261,5UTR
262,5UTR
263,5UTR
264,5UTR
265,5UTR
266,5UTR
267,5UTR
268,5UTR
269,5UTR
270,5UTR
271,5UTR
272,5UTR
273,5UTR
274,5UTR
275,5UTR
276,5UTR
277,5UTR
278,5UTR
279,5UTR
280,5UTR
281,5UTR
282,5UTR
283,5UTR
284,5UTR
285,5UTR
286,5UTR
287,5UTR
288,5UTR
289,5UTR
290,5UTR
291,5UTR
292,5UTR
293,5UTR
294,5UTR
295,5UTR
296,5UTR
297,5UTR
298,5UTR
299,5UTR
300,5UTR
301,5UTR
302,5UTR
303,5UTR
304,5UTR
305,5UTR
306,5UTR
307,5UTR
308,5UTR
309,5UTR
310,5UTR
311,5UTR
312,5UTR
313,5UTR
314,5UTR
315,5UTR
316,5UTR
317,5UTR
318,5UTR
319,5UTR
320,5UTR
321,5UTR
322,5UTR
323,5UTR
324,5UTR
325,5UTR
326,5UTR
327,5UTR
328,5UTR
329,5UTR
330,5UTR
331,5UTR
332,5UTR
333,5UTR
334,5UTR
335,5UTR
336,5UTR
337,5UTR
338,5UTR
339,5UTR
340,5UTR
341,5UTR
342,5UTR
343,5UTR
344,5UTR
345,5UTR
346,5UTR
347,5UTR
348,5UTR
349,5UTR
350,5UTR
351,5UTR
352,5UTR
353,5UTR
354,5UTR
355,5UTR
356,5UTR
357,5UTR
358,5UTR
359,5UTR
360,5UTR
361,5UTR
362,5UTR
363,5UTR
364,5UTR
365,5UTR
366,5UTR
367,5UTR
368,5UTR
369,5UTR
370,5UTR
371,5UTR
372,5UTR
373,5UTR
374,5UTR
375,5UTR
376,5UTR
377,5UTR
378,5UTR
379,5UTR
380,5UTR
381,5UTR
382,5UTR
383,5UTR
384,5UTR
385,5UTR
386,5UTR
387,5UTR
388,5UTR
389,5UTR
390,5UTR
391,5UTR
392,5UTR
393,5UTR
394,5UTR
395,5UTR
396,5UTR
397,5UTR
398,5UTR
399,5UTR
400,5UTR
401,5UTR
402,5UTR
403,5UTR
404,5UTR
405,5UTR
406,5UTR
407,5UTR
408,5UTR
409,5UTR
410,5UTR
411,5UTR
412,5UTR
413,5UTR
414,5UTR
415,5UTR
416,5UTR
417,5UTR
418,5UTR
419,5UTR
420,5UTR
421,5UTR
422,5UTR
423,5UTR
424,5UTR
425,5UTR
426,5UTR
427,5UTR
428,5UTR
429,5UTR
430,5UTR
431,5UTR
432,5UTR
433,5UTR
434,5UTR
435,5UTR
436,5UTR
437,5UTR
438,5UTR
439,5UTR
440,5UTR
441,5UTR
442,5UTR
443,5UTR
444,5UTR
445,5UTR
446,5UTR
447,5UTR
448,5UTR
449,5UTR
450,5UTR
451,5UTR
452,5UTR
453,5UTR
454,5UTR
455,5UTR
456,5UTR
457,5UTR
458,5UTR
459,5UTR
460,5UTR
461,5UTR
462,5UTR
463,5UTR
464,5UTR
465,5UTR
466,5UTR
467,5UTR
468,5UTR
469,5UTR
470,5UTR
471,5UTR
472,5UTR
473,5UTR
474,5UTR
475,5UTR
476,5UTR
477,5UTR
478,5UTR
479,5UTR
480,5UTR
481,5UTR
482,5UTR
483,5UTR
484,5UTR
485,5UTR
486,5UTR
487,5UTR
488,5UTR
489,5UTR
490,5UTR
491,5UTR
492,5UTR
493,5UTR
494,5UTR
495,5UTR
496,5UTR
497,5UTR
498,5UTR
499,5UTR
500,5UTR
501,5UTR
502,5UTR
503,5UTR
504,5UTR
505,5UTR
506,5UTR
507,5UTR
508,5UTR
509,5UTR
510,5UTR
511,5UTR
512,5UTR
513,5UTR
514,5UTR
515,5UTR
516,5UTR
517,5UTR
518,5UTR
519,5UTR
520,5UTR
521,5UTR
522,5UTR
523,5UTR
524,5UTR
525,5UTR
526,5UTR
527,5UTR
528,5UTR
529,5UTR
530,5UTR
531,5UTR
532,5UTR
533,5UTR
534,5UTR
535,5UTR
536,5UTR
537,5UTR
538,5UTR
539,5UTR
540,5UTR
541,5UTR
542,5UTR
543,5UTR
544,5UTR
545,5UTR
546,5UTR
547,5UTR
548,5UTR
549,5UTR
550,5UTR
551,5UTR
552,5UTR
553,5UTR
554,5UTR
555,5UTR
556,5UTR
557,5UTR
558,5UTR
559,5UTR
560,5UTR
561,5UTR
562,5UTR
563,5UTR
564,5UTR
565,5UTR
566,5UTR
567,5UTR
568,5UTR
569,5UTR
570,5UTR
571,5UTR
572,5UTR
573,5UTR
574,5UTR
575,5UTR
576,5UTR
577,5UTR
578,5UTR
579,5UTR
580,5UTR
581,5UTR
582,5UTR
583,5UTR
584,5UTR
585,5UTR
586,5UTR
587,5UTR
588,5UTR
589,5UTR
590,5UTR
591,5UTR
592,5UTR
593,5UTR
594,5UTR
595,5UTR
596,5UTR
597,5UTR
598,5UTR
599,5UTR
600,5UTR
601,5UTR
602,5UTR
603,5UTR
604,5UTR
605,5UTR
606,5UTR
607,5UTR
608,5UTR
609,5UTR
610,5UTR
611,5UTR
612,5UTR
613,5UTR
614,5UTR
615,5UTR
616,5UTR
617,5UTR
618,5UTR
619,5UTR
620,5UTR
621,5UTR
622,5UTR
623,5UTR
624,5UTR
625,5UTR
626,5UTR
627,5UTR
628,5UTR
629,5UTR
630,5UTR
631,5UTR
632,5UTR
633,5UTR
634,5UTR
635,5UTR
636,5UTR
637,5UTR
638,5UTR
639,5UTR
640,5UTR
641,5UTR
642,5UTR
643,5UTR
644,5UTR
645,5UTR
646,5UTR
647,5UTR
648,5UTR
649,5UTR
650,5UTR
651,5UTR
652,5UTR
653,5UTR
654,5UTR
655,5UTR
656,5UTR
657,5UTR
658,5UTR
659,5UTR
660,5UTR
661,5UTR
662,5UTR
663,5UTR
664,5UTR
665,5UTR
666,5UTR
667,5UTR
668,5UTR
669,5UTR
670,5UTR
671,5UTR
672,5UTR
673,5UTR
674,5UTR
675,5UTR
676,5UTR
677,5UTR
678,5UTR
679,5UTR
680,L
681,L
682,L
683,L
684,L
685,L
686,L
687,L
688,L
689,L
690,L
691,L
692,L
693,L
694,L
695,L
696,L
697,L
698,L
699,L
700,L
701,L
702,L
703,L
704,L
705,L
706,L
707,L
708,L
709,L
710,L
711,L
712,L
713,L
714,L
715,L
716,L
717,L
718,L
719,L
720,L
721,L
722,L
723,L
724,L
725,L
726,L
727,L
728,L
729,L
730,L
731,L
732,L
733,L
734,L
735,L
736,L
737,L
738,L
739,L
740,L
741,L
742,L
743,L
744,L
745,L
746,L
747,L
748,L
749,L
750,L
751,L
752,L
753,L
754,L
755,L
756,L
757,L
758,L
759,L
760,L
761,L
762,L
763,L
764,L
765,L
766,L
767,L
768,L
769,L
770,L
771,L
772,L
773,L
774,L
775,L
776,L
777,L
778,L
779,L
780,L
781,L
782,L
783,L
784,L
785,L
786,L
787,L
788,L
789,L
790,L
791,L
792,L
793,L
794,L
795,L
796,L
797,L
798,L
799,L
800,L
801,L
802,L
803,L
804,L
805,L
806,L
807,L
808,L
809,L
810,L
811,L
812,L
813,L
814,L
815,L
816,L
817,L
818,L
819,L
820,L
821,L
822,L
823,L
824,L
825,L
826,L
827,L
828,L
829,L
830,L
831,L
832,L
833,L
834,L
835,L
836,L
837,L
838,L
839,L
840,L
841,L
842,L
843,L
844,L
845,L
846,L
847,L
848,L
849,L
850,L
851,L
852,L
853,L
854,L
855,L
856,L
857,L
858,L
859,L
860,L
861,L
862,L
863,L
864,L
865,L
866,L
867,L
868,L
869,L
870,L
871,L
872,L
873,L
874,L
875,L
876,L
877,L
878,L
879,L
880,L
881,L
882,L
883,L
884,L
885,L
886,L
887,L
888,L
889,L
890,L
891,L
892,L
893,L
894,L
895,L
896,L
897,L
898,L
899,L
900,L
901,L
902,L
903,L
904,L
905,L
906,L
907,L
908,L
909,L
910,L
911,L
912,L
913,L
914,L
915,L
916,L
917,L
918,L
919,L
920,L
921,L
922,L
923,L
924,L
925,L
926,L
927,L
928,L
929,L
930,L
931,L
932,L
933,L
934,L
935,L
936,L
937,L
938,L
939,L
940,L
941,L
942,L
943,L
944,L
945,L
946,L
947,L
948,L
949,L
950,L
951,L
952,L
953,L
954,L
955,L
956,L
957,L
958,L
959,L
960,L
961,L
962,L
963,L
964,L
965,L
966,L
967,L
968,L
969,L
970,L
971,L
972,L
973,L
974,L
975,L
976,L
977,L
978,L
979,L
980,L
981,L
982,L
983,L
984,L
985,L
986,L
987,L
988,L
989,L
990,L
991,L
992,L
993,L
994,L
995,L
996,L
997,L
998,L
999,L
1000,L
1001,L
1002,L
1003,L
1004,L
1005,L
1006,L
1007,L
1008,L
1009,L
1010,L
1011,L
1012,L
1013,L
1014,L
1015,L
1016,L
1017,L
1018,L
1019,L
1020,L
1021,L
1022,L
1023,L
1024,L
1025,L
1026,L
1027,L
1028,L
1029,L
1030,L
1031,L
1032,L
1033,L
1034,L
1035,L
1036,L
1037,L
1038,L
1039,L
1040,L
1041,L
1042,L
1043,L
1044,L
1045,L
1046,L
1047,L
1048,L
1049,L
1050,L
1051,L
1052,L
1053,L
1054,L
1055,L
1056,L
1057,L
1058,L
1059,L
1060,L
1061,L
1062,L
1063,L
1064,L
1065,L
1066,L
1067,L
1068,L
1069,L
1070,L
1071,L
1072,L
1073,L
1074,L
1075,L
1076,L
1077,L
1078,L
1079,L
1080,L
1081,L
1082,L
1083,L
1084,L
1085,L
1086,L
1087,L
1088,L
1089,L
1090,L
1091,L
1092,L
1093,L
1094,L
1095,L
1096,L
1097,L
1098,L
1099,L
1100,L
1101,L
1102,L
1103,L
1104,L
1105,L
1106,L
1107,L
1108,L
1109,L
1110,L
1111,L
1112,L
1113,L
1114,L
1115,L
1116,L
1117,L
1118,L
1119,L
1120,L
1121,L
1122,L
1123,L
1124,L
1125,L
1126,L
1127,L
1128,L
1129,L
1130,L
1131,L
1132,L
1133,L
1134,L
1135,L
1136,L
1137,L
1138,L
1139,L
1140,L
1141,L
1142,L
1143,L
1144,L
1145,L
1146,L
1147,L
1148,L
1149,L
1150,L
1151,L
1152,L
1153,L
1154,L
1155,L
1156,L
1157,L
1158,L
1159,L
1160,L
1161,L
1162,L
1163,L
1164,L
1165,L
1166,L
1167,L
1168,L
1169,L
1170,L
1171,L
1172,L
1173,L
1174,L
1175,L
1176,L
1177,L
1178,L
1179,L
1180,L
1181,L
1182,L
1183,L
1184,L
1185,L
1186,L
1187,L
1188,L
1189,L
1190,L
1191,L
1192,L
1193,L
1194,L
1195,L
1196,L
1197,L
1198,L
1199,L
1200,L
1201,L
1202,L
1203,L
1204,L
1205,L
1206,L
1207,L
1208,L
1209,L
1210,L
1211,L
1212,L
1213,L
1214,L
1215,L
1216,L
1217,L
1218,L
1219,L
1220,L
1221,L
1222,L
1223,L
1224,L
1225,L
1226,L
1227,L
1228,L
1229,L
1230,L
1231,L
1232,L
1233,L
1234,L
1235,VP0
1236,VP0
1237,VP0
1238,VP0
1239,VP0
1240,VP0
1241,VP0
1242,VP0
1243,VP0
1244,VP0
1245,VP0
1246,VP0
1247,VP0
1248,VP0
1249,VP0
1250,VP0
1251,VP0
1252,VP0
1253,VP0
1254,VP0
1255,VP0
1256,VP0
1257,VP0
1258,VP0
1259,VP0
1260,VP0
1261,VP0
1262,VP0
1263,VP0
1264,VP0
1265,VP0
1266,VP0
1267,VP0
1268,VP0
1269,VP0
1270,VP0
1271,VP0
1272,VP0
1273,VP0
1274,VP0
1275,VP0
1276,VP0
1277,VP0
1278,VP0
1279,VP0
1280,VP0
1281,VP0
1282,VP0
1283,VP0
1284,VP0
1285,VP0
1286,VP0
1287,VP0
1288,VP0
1289,VP0
1290,VP0
1291,VP0
1292,VP0
1293,VP0
1294,VP0
1295,VP0
1296,VP0
1297,VP0
1298,VP0
1299,VP0
1300,VP0
1301,VP0
1302,VP0
1303,VP0
1304,VP0
1305,VP0
1306,VP0
1307,VP0
1308,VP0
1309,VP0
1310,VP0
1311,VP0
1312,VP0
1313,VP0
1314,VP0
1315,VP0
1316,VP0
1317,VP0
1318,VP0
1319,VP0
1320,VP0
1321,VP0
1322,VP0
1323,VP0
1324,VP0
1325,VP0
1326,VP0
1327,VP0
1328,VP0
1329,VP0
1330,VP0
1331,VP0
1332,VP0
1333,VP0
1334,VP0
1335,VP0
1336,VP0
1337,VP0
1338,VP0
1339,VP0
1340,VP0
1341,VP0
1342,VP0
1343,VP0
1344,VP0
1345,VP0
1346,VP0
1347,VP0
1348,VP0
1349,VP0
1350,VP0
1351,VP0
1352,VP0
1353,VP0
1354,VP0
1355,VP0
1356,VP0
1357,VP0
1358,VP0
1359,VP0
1360,VP0
1361,VP0
1362,VP0
1363,VP0
1364,VP0
1365,VP0
1366,VP0
1367,VP0
1368,VP0
1369,VP0
1370,VP0
1371,VP0
1372,VP0
1373,VP0
1374,VP0
1375,VP0
1376,VP0
1377,VP0
1378,VP0
1379,VP0
1380,VP0
1381,VP0
1382,VP0
1383,VP0
1384,VP0
1385,VP0
1386,VP0
1387,VP0
1388,VP0
1389,VP0
1390,VP0
1391,VP0
1392,VP0
1393,VP0
1394,VP0
1395,VP0
1396,VP0
1397,VP0
1398,VP0
1399,VP0
1400,VP0
1401,VP0
1402,VP0
1403,VP0
1404,VP0
1405,VP0
1406,VP0
1407,VP0
1408,VP0
1409,VP0
1410,VP0
1411,VP0
1412,VP0
1413,VP0
1414,VP0
1415,VP0
1416,VP0
1417,VP0
1418,VP0
1419,VP0
1420,VP0
1421,VP0
1422,VP0
1423,VP0
1424,VP0
1425,VP0
1426,VP0
1427,VP0
1428,VP0
1429,VP0
1430,VP0
1431,VP0
1432,VP0
1433,VP0
1434,VP0
1435,VP0
1436,VP0
1437,VP0
1438,VP0
1439,VP0
1440,VP0
1441,VP0
1442,VP0
1443,VP0
1444,VP0
1445,VP0
1446,VP0
1447,VP0
1448,VP0
1449,VP0
1450,VP0
1451,VP0
1452,VP0
1453,VP0
1454,VP0
1455,VP0
1456,VP0
1457,VP0
1458,VP0
1459,VP0
1460,VP0
1461,VP0
1462,VP0
1463,VP0
1464,VP0
1465,VP0
1466,VP0
1467,VP0
1468,VP0
1469,VP0
1470,VP0
1471,VP0
1472,VP0
1473,VP0
1474,VP0
1475,VP0
1476,VP0
1477,VP0
1478,VP0
1479,VP0
1480,VP0
1481,VP0
1482,VP0
1483,VP0
1484,VP0
1485,VP0
1486,VP0
1487,VP0
1488,VP0
1489,VP0
1490,VP0
1491,VP0
1492,VP0
1493,VP0
1494,VP0
1495,VP0
1496,VP0
1497,VP0
1498,VP0
1499,VP0
1500,VP0
1501,VP0
1502,VP0
1503,VP0
1504,VP0
1505,VP0
1506,VP0
1507,VP0
1508,VP0
1509,VP0
1510,VP0
1511,VP0
1512,VP0
1513,VP0
1514,VP0
1515,VP0
1516,VP0
1517,VP0
1518,VP0
1519,VP0
1520,VP0
1521,VP0
1522,VP0
1523,VP0
1524,VP0
1525,VP0
1526,VP0
1527,VP0
1528,VP0
1529,VP0
1530,VP0
1531,VP0
1532,VP0
1533,VP0
1534,VP0
1535,VP0
1536,VP0
1537,VP0
1538,VP0
1539,VP0
1540,VP0
1541,VP0
1542,VP0
1543,VP0
1544,VP0
1545,VP0
1546,VP0
1547,VP0
1548,VP0
1549,VP0
1550,VP0
1551,VP0
1552,VP0
1553,VP0
1554,VP0
1555,VP0
1556,VP0
1557,VP0
1558,VP0
1559,VP0
1560,VP0
1561,VP0
1562,VP0
1563,VP0
1564,VP0
1565,VP0
1566,VP0
1567,VP0
1568,VP0
1569,VP0
1570,VP0
1571,VP0
1572,VP0
1573,VP0
1574,VP0
1575,VP0
1576,VP0
1577,VP0
1578,VP0
1579,VP0
1580,VP0
1581,VP0
1582,VP0
1583,VP0
1584,VP0
1585,VP0
1586,VP0
1587,VP0
1588,VP0
1589,VP0
1590,VP0
1591,VP0
1592,VP0
1593,VP0
1594,VP0
1595,VP0
1596,VP0
1597,VP0
1598,VP0
1599,VP0
1600,VP0
1601,VP0
1602,VP0
1603,VP0
1604,VP0
1605,VP0
1606,VP0
1607,VP0
1608,VP0
1609,VP0
1610,VP0
1611,VP0
1612,VP0
1613,VP0
1614,VP0
1615,VP0
1616,VP0
1617,VP0
1618,VP0
1619,VP0
1620,VP0
1621,VP0
1622,VP0
1623,VP0
1624,VP0
1625,VP0
1626,VP0
1627,VP0
1628,VP0
1629,VP0
1630,VP0
1631,VP0
1632,VP0
1633,VP0
1634,VP0
1635,VP0
1636,VP0
1637,VP0
1638,VP0
1639,VP0
1640,VP0
1641,VP0
1642,VP0
1643,VP0
1644,VP0
1645,VP0
1646,VP0
1647,VP0
1648,VP0
1649,VP0
1650,VP0
1651,VP0
1652,VP0
1653,VP0
1654,VP0
1655,VP0
1656,VP0
1657,VP0
1658,VP0
1659,VP0
1660,VP0
1661,VP0
1662,VP0
1663,VP0
1664,VP0
1665,VP0
1666,VP0
1667,VP0
1668,VP0
1669,VP0
1670,VP0
1671,VP0
1672,VP0
1673,VP0
1674,VP0
1675,VP0
1676,VP0
1677,VP0
1678,VP0
1679,VP0
1680,VP0
1681,VP0
1682,VP0
1683,VP0
1684,VP0
1685,VP0
1686,VP0
1687,VP0
1688,VP0
1689,VP0
1690,VP0
1691,VP0
1692,VP0
1693,VP0
1694,VP0
1695,VP0
1696,VP0
1697,VP0
1698,VP0
1699,VP0
1700,VP0
1701,VP0
1702,VP0
1703,VP0
1704,VP0
1705,VP0
1706,VP0
1707,VP0
1708,VP0
1709,VP0
1710,VP0
1711,VP0
1712,VP0
1713,VP0
1714,VP0
1715,VP0
1716,VP0
1717,VP0
1718,VP0
1719,VP0
1720,VP0
1721,VP0
1722,VP0
1723,VP0
1724,VP0
1725,VP0
1726,VP0
1727,VP0
1728,VP0
1729,VP0
1730,VP0
1731,VP0
1732,VP0
1733,VP0
1734,VP0
1735,VP0
1736,VP0
1737,VP0
1738,VP0
1739,VP0
1740,VP0
1741,VP0
1742,VP0
1743,VP0
1744,VP0
1745,VP0
1746,VP0
1747,VP0
1748,VP0
1749,VP0
1750,VP0
1751,VP0
1752,VP0
1753,VP0
1754,VP0
1755,VP0
1756,VP0
1757,VP0
1758,VP0
1759,VP0
1760,VP0
1761,VP0
1762,VP0
1763,VP0
1764,VP0
1765,VP0
1766,VP0
1767,VP0
1768,VP0
1769,VP0
1770,VP0
1771,VP0
1772,VP0
1773,VP0
1774,VP0
1775,VP0
1776,VP0
1777,VP0
1778,VP0
1779,VP0
1780,VP0
1781,VP0
1782,VP0
1783,VP0
1784,VP0
1785,VP0
1786,VP0
1787,VP0
1788,VP0
1789,VP0
1790,VP0
1791,VP0
1792,VP0
1793,VP0
1794,VP0
1795,VP0
1796,VP0
1797,VP0
1798,VP0
1799,VP0
1800,VP0
1801,VP0
1802,VP0
1803,VP0
1804,VP0
1805,VP0
1806,VP0
1807,VP0
1808,VP0
1809,VP0
1810,VP0
1811,VP0
1812,VP0
1813,VP0
1814,VP0
1815,VP0
1816,VP0
1817,VP0
1818,VP0
1819,VP0
1820,VP0
1821,VP0
1822,VP0
1823,VP0
1824,VP0
1825,VP0
1826,VP0
1827,VP0
1828,VP0
1829,VP0
1830,VP0
1831,VP0
1832,VP0
1833,VP0
1834,VP0
1835,VP0
1836,VP0
1837,VP0
1838,VP0
1839,VP0
1840,VP0
1841,VP0
1842,VP0
1843,VP0
1844,VP0
1845,VP0
1846,VP0
1847,VP0
1848,VP0
1849,VP0
1850,VP0
1851,VP0
1852,VP0
1853,VP0
1854,VP0
1855,VP0
1856,VP0
1857,VP0
1858,VP0
1859,VP0
1860,VP0
1861,VP0
1862,VP0
1863,VP0
1864,VP0
1865,VP0
1866,VP0
1867,VP0
1868,VP0
1869,VP0
1870,VP0
1871,VP0
1872,VP0
1873,VP0
1874,VP0
1875,VP0
1876,VP0
1877,VP0
1878,VP0
1879,VP0
1880,VP0
1881,VP0
1882,VP0
1883,VP0
1884,VP0
1885,VP0
1886,VP0
1887,VP0
1888,VP0
1889,VP0
1890,VP0
1891,VP0
1892,VP0
1893,VP0
1894,VP0
1895,VP0
1896,VP0
1897,VP0
1898,VP0
1899,VP0
1900,VP0
1901,VP0
1902,VP0
1903,VP0
1904,VP0
1905,VP0
1906,VP0
1907,VP0
1908,VP0
1909,VP0
1910,VP0
1911,VP0
1912,VP0
1913,VP0
1914,VP0
1915,VP0
1916,VP0
1917,VP0
1918,VP0
1919,VP0
1920,VP0
1921,VP0
1922,VP0
1923,VP0
1924,VP0
1925,VP0
1926,VP0
1927,VP0
1928,VP0
1929,VP0
1930,VP0
1931,VP0
1932,VP0
1933,VP0
1934,VP0
1935,VP0
1936,VP0
1937,VP0
1938,VP0
1939,VP0
1940,VP0
1941,VP0
1942,VP0
1943,VP0
1944,VP0
1945,VP0
1946,VP0
1947,VP0
1948,VP0
1949,VP0
1950,VP0
1951,VP0
1952,VP0
1953,VP0
1954,VP0
1955,VP0
1956,VP0
1957,VP0
1958,VP0
1959,VP0
1960,VP0
1961,VP0
1962,VP0
1963,VP0
1964,VP0
1965,VP0
1966,VP0
1967,VP0
1968,VP0
1969,VP0
1970,VP0
1971,VP0
1972,VP0
1973,VP0
1974,VP0
1975,VP0
1976,VP0
1977,VP0
1978,VP0
1979,VP0
1980,VP0
1981,VP0
1982,VP0
1983,VP0
1984,VP0
1985,VP0
1986,VP0
1987,VP0
1988,VP0
1989,VP0
1990,VP0
1991,VP0
1992,VP0
1993,VP0
1994,VP0
1995,VP0
1996,VP0
1997,VP0
1998,VP0
1999,VP0
2000,VP0
2001,VP0
2002,VP0
2003,VP0
2004,VP0
2005,VP0
2006,VP0
2007,VP0
2008,VP0
2009,VP0
2010,VP0
2011,VP0
2012,VP0
2013,VP0
2014,VP0
2015,VP0
2016,VP0
2017,VP0
2018,VP0
2019,VP0
2020,VP0
2021,VP0
2022,VP0
2023,VP0
2024,VP0
2025,VP0
2026,VP0
2027,VP0
2028,VP0
2029,VP0
2030,VP0
2031,VP0
2032,VP0
2033,VP0
2034,VP0
2035,VP0
2036,VP0
2037,VP0
2038,VP0
2039,VP0
2040,VP0
2041,VP0
2042,VP0
2043,VP0
2044,VP0
2045,VP0
2046,VP0
2047,VP0
2048,VP0
2049,VP0
2050,VP0
2051,VP0
2052,VP0
2053,VP0
2054,VP0
2055,VP0
2056,VP0
2057,VP0
2058,VP0
2059,VP0
2060,VP0
2061,VP0
2062,VP0
2063,VP0
2064,VP0
2065,VP0
2066,VP0
2067,VP0
2068,VP0
2069,VP0
2070,VP0
2071,VP0
2072,VP0
2073,VP0
2074,VP0
2075,VP0
2076,VP0
2077,VP0
2078,VP0
2079,VP0
2080,VP0
2081,VP0
2082,VP0
2083,VP0
2084,VP0
2085,VP0
2086,VP0
2087,VP0
2088,VP0
2089,VP0
2090,VP0
2091,VP0
2092,VP0
2093,VP0
2094,VP0
2095,VP0
2096,VP0
2097,VP0
2098,VP0
2099,VP0
2100,VP0
2101,VP0
2102,VP0
2103,VP0
2104,VP0
2105,VP0
2106,VP0
2107,VP0
2108,VP0
2109,VP0
2110,VP0
2111,VP0
2112,VP0
2113,VP0
2114,VP0
2115,VP0
2116,VP0
2117,VP0
2118,VP0
2119,VP0
2120,VP0
2121,VP0
2122,VP0
2123,VP0
2124,VP0
2125,VP0
2126,VP0
2127,VP0
2128,VP0
2129,VP0
2130,VP0
2131,VP0
2132,VP0
2133,VP0
2134,VP0
2135,VP0
2136,VP0
2137,VP0
2138,VP0
2139,VP0
2140,VP0
2141,VP0
2142,VP0
2143,VP0
2144,VP0
2145,VP0
2146,VP0
2147,VP0
2148,VP0
2149,VP0
2150,VP0
2151,VP0
2152,VP0
2153,VP0
2154,VP0
2155,VP0
2156,VP0
2157,VP0
2158,VP0
2159,VP0
2160,VP0
2161,VP0
2162,VP0
2163,VP0
2164,VP0
2165,VP0
2166,VP0
2167,VP0
2168,VP0
2169,VP0
2170,VP0
2171,VP0
2172,VP0
2173,VP0
2174,VP0
2175,VP0
2176,VP0
2177,VP0
2178,VP0
2179,VP0
2180,VP0
2181,VP0
2182,VP0
2183,VP0
2184,VP0
2185,VP0
2186,VP0
2187,VP0
2188,VP0
2189,VP0
2190,VP0
2191,VP0
2192,VP0
2193,VP0
2194,VP0
2195,VP0
2196,VP0
2197,VP0
2198,VP0
2199,VP0
2200,VP0
2201,VP0
2202,VP0
2203,VP0
2204,VP0
2205,VP0
2206,VP0
2207,VP0
2208,VP0
2209,VP0
2210,VP0
2211,VP0
2212,VP0
2213,VP0
2214,VP0
2215,VP0
2216,VP0
2217,VP0
2218,VP0
2219,VP0
2220,VP0
2221,VP0
2222,VP0
2223,VP0
2224,VP0
2225,VP0
2226,VP0
2227,VP0
2228,VP0
2229,VP0
2230,VP0
2231,VP0
2232,VP0
2233,VP0
2234,VP0
2235,VP0
2236,VP0
2237,VP0
2238,VP0
2239,VP0
2240,VP0
2241,VP0
2242,VP0
2243,VP0
2244,VP0
2245,VP0
2246,VP0
2247,VP0
2248,VP0
2249,VP0
2250,VP0
2251,VP0
2252,VP0
2253,VP0
2254,VP0
2255,VP0
2256,VP0
2257,VP0
2258,VP0
2259,VP0
2260,VP0
2261,VP0
2262,VP0
2263,VP0
2264,VP0
2265,VP0
2266,VP0
2267,VP0
2268,VP0
2269,VP0
2270,VP0
2271,VP0
2272,VP0
2273,VP0
2274,VP0
2275,VP0
2276,VP0
2277,VP0
2278,VP0
2279,VP0
2280,VP0
2281,VP0
2282,VP0
2283,VP0
2284,VP0
2285,VP0
2286,VP0
2287,VP0
2288,VP0
2289,VP0
2290,VP0
2291,VP0
2292,VP0
2293,VP0
2294,VP0
2295,VP0
2296,VP0
2297,VP0
2298,VP0
2299,VP0
2300,VP0
2301,VP0
2302,VP0
2303,VP0
2304,VP0
2305,VP0
2306,VP0
2307,VP0
2308,VP0
2309,VP0
2310,VP0
2311,VP0
2312,VP0
2313,VP0
2314,VP0
2315,VP0
2316,VP0
2317,VP0
2318,VP0
2319,VP0
2320,VP0
2321,VP0
2322,VP0
2323,VP0
2324,VP0
2325,VP0
2326,VP0
2327,VP0
2328,VP0
2329,VP0
2330,VP0
2331,VP0
2332,VP0
2333,VP0
2334,VP0
2335,VP0
2336,VP0
2337,VP0
2338,VP0
2339,VP0
2340,VP0
2341,VP0
2342,VP0
2343,VP0
2344,VP0
2345,VP0
2346,VP0
2347,VP0
2348,VP3
2349,VP3
2350,VP3
2351,VP3
2352,VP3
2353,VP3
2354,VP3
2355,VP3
2356,VP3
2357,VP3
2358,VP3
2359,VP3
2360,VP3
2361,VP3
2362,VP3
2363,VP3
2364,VP3
2365,VP3
2366,VP3
2367,VP3
2368,VP3
2369,VP3
2370,VP3
2371,VP3
2372,VP3
2373,VP3
2374,VP3
2375,VP3
2376,VP3
2377,VP3
2378,VP3
2379,VP3
2380,VP3
2381,VP3
2382,VP3
2383,VP3
2384,VP3
2385,VP3
2386,VP3
2387,VP3
2388,VP3
2389,VP3
2390,VP3
2391,VP3
2392,VP3
2393,VP3
2394,VP3
2395,VP3
2396,VP3
2397,VP3
2398,VP3
2399,VP3
2400,VP3
2401,VP3
2402,VP3
2403,VP3
2404,VP3
2405,VP3
2406,VP3
2407,VP3
2408,VP3
2409,VP3
2410,VP3
2411,VP3
2412,VP3
2413,VP3
2414,VP3
2415,VP3
2416,VP3
2417,VP3
2418,VP3
2419,VP3
2420,VP3
2421,VP3
2422,VP3
2423,VP3
2424,VP3
2425,VP3
2426,VP3
2427,VP3
2428,VP3
2429,VP3
2430,VP3
2431,VP3
2432,VP3
2433,VP3
2434,VP3
2435,VP3
2436,VP3
2437,VP3
2438,VP3
2439,VP3
2440,VP3
2441,VP3
2442,VP3
2443,VP3
2444,VP3
2445,VP3
2446,VP3
2447,VP3
2448,VP3
2449,VP3
2450,VP3
2451,VP3
2452,VP3
2453,VP3
2454,VP3
2455,VP3
2456,VP3
2457,VP3
2458,VP3
2459,VP3
2460,VP3
2461,VP3
2462,VP3
2463,VP3
2464,VP3
2465,VP3
2466,VP3
2467,VP3
2468,VP3
2469,VP3
2470,VP3
2471,VP3
2472,VP3
2473,VP3
2474,VP3
2475,VP3
2476,VP3
2477,VP3
2478,VP3
2479,VP3
2480,VP3
2481,VP3
2482,VP3
2483,VP3
2484,VP3
2485,VP3
2486,VP3
2487,VP3
2488,VP3
2489,VP3
2490,VP3
2491,VP3
2492,VP3
2493,VP3
2494,VP3
2495,VP3
2496,VP3
2497,VP3
2498,VP3
2499,VP3
2500,VP3
2501,VP3
2502,VP3
2503,VP3
2504,VP3
2505,VP3
2506,VP3
2507,VP3
2508,VP3
2509,VP3
2510,VP3
2511,VP3
2512,VP3
2513,VP3
2514,VP3
2515,VP3
2516,VP3
2517,VP3
2518,VP3
2519,VP3
2520,VP3
2521,VP3
2522,VP3
2523,VP3
2524,VP3
2525,VP3
2526,VP3
2527,VP3
2528,VP3
2529,VP3
2530,VP3
2531,VP3
2532,VP3
2533,VP3
2534,VP3
2535,VP3
2536,VP3
2537,VP3
2538,VP3
2539,VP3
2540,VP3
2541,VP3
2542,VP3
2543,VP3
2544,VP3
2545,VP3
2546,VP3
2547,VP3
2548,VP3
2549,VP3
2550,VP3
2551,VP3
2552,VP3
2553,VP3
2554,VP3
2555,VP3
2556,VP3
2557,VP3
2558,VP3
2559,VP3
2560,VP3
2561,VP3
2562,VP3
2563,VP3
2564,VP3
2565,VP3
2566,VP3
2567,VP3
2568,VP3
2569,VP3
2570,VP3
2571,VP3
2572,VP3
2573,VP3
2574,VP3
2575,VP3
2576,VP3
2577,VP3
2578,VP3
2579,VP3
2580,VP3
2581,VP3
2582,VP3
2583,VP3
2584,VP3
2585,VP3
2586,VP3
2587,VP3
2588,VP3
2589,VP3
2590,VP3
2591,VP3
2592,VP3
2593,VP3
2594,VP3
2595,VP3
2596,VP3
2597,VP3
2598,VP3
2599,VP3
2600,VP3
2601,VP3
2602,VP3
2603,VP3
2604,VP3
2605,VP3
2606,VP3
2607,VP3
2608,VP3
2609,VP3
2610,VP3
2611,VP3
2612,VP3
2613,VP3
2614,VP3
2615,VP3
2616,VP3
2617,VP3
2618,VP3
2619,VP3
2620,VP3
2621,VP3
2622,VP3
2623,VP3
2624,VP3
2625,VP3
2626,VP3
2627,VP3
2628,VP3
2629,VP3
2630,VP3
2631,VP3
2632,VP3
2633,VP3
2634,VP3
2635,VP3
2636,VP3
2637,VP3
2638,VP3
2639,VP3
2640,VP3
2641,VP3
2642,VP3
2643,VP3
2644,VP3
2645,VP3
2646,VP3
2647,VP3
2648,VP3
2649,VP3
2650,VP3
2651,VP3
2652,VP3
2653,VP3
2654,VP3
2655,VP3
2656,VP3
2657,VP3
2658,VP3
2659,VP3
2660,VP3
2661,VP3
2662,VP3
2663,VP3
2664,VP3
2665,VP3
2666,VP3
2667,VP3
2668,VP3
2669,VP3
2670,VP3
2671,VP3
2672,VP3
2673,VP3
2674,VP3
2675,VP3
2676,VP3
2677,VP3
2678,VP3
2679,VP3
2680,VP3
2681,VP3
2682,VP3
2683,VP3
2684,VP3
2685,VP3
2686,VP3
2687,VP3
2688,VP3
2689,VP3
2690,VP3
2691,VP3
2692,VP3
2693,VP3
2694,VP3
2695,VP3
2696,VP3
2697,VP3
2698,VP3
2699,VP3
2700,VP3
2701,VP3
2702,VP3
2703,VP3
2704,VP3
2705,VP3
2706,VP3
2707,VP3
2708,VP3
2709,VP3
2710,VP3
2711,VP3
2712,VP3
2713,VP3
2714,VP3
2715,VP3
2716,VP3
2717,VP3
2718,VP3
2719,VP3
2720,VP3
2721,VP3
2722,VP3
2723,VP3
2724,VP3
2725,VP3
2726,VP3
2727,VP3
2728,VP3
2729,VP3
2730,VP3
2731,VP3
2732,VP3
2733,VP3
2734,VP3
2735,VP3
2736,VP3
2737,VP3
2738,VP3
2739,VP3
2740,VP3
2741,VP3
2742,VP3
2743,VP3
2744,VP3
2745,VP3
2746,VP3
2747,VP3
2748,VP3
2749,VP3
2750,VP3
2751,VP3
2752,VP3
2753,VP3
2754,VP3
2755,VP3
2756,VP3
2757,VP3
2758,VP3
2759,VP3
2760,VP3
2761,VP3
2762,VP3
2763,VP3
2764,VP3
2765,VP3
2766,VP3
2767,VP3
2768,VP3
2769,VP3
2770,VP3
2771,VP3
2772,VP3
2773,VP3
2774,VP3
2775,VP3
2776,VP3
2777,VP3
2778,VP3
2779,VP3
2780,VP3
2781,VP3
2782,VP3
2783,VP3
2784,VP3
2785,VP3
2786,VP3
2787,VP3
2788,VP3
2789,VP3
2790,VP3
2791,VP3
2792,VP3
2793,VP3
2794,VP3
2795,VP3
2796,VP3
2797,VP3
2798,VP3
2799,VP3
2800,VP3
2801,VP3
2802,VP3
2803,VP3
2804,VP3
2805,VP3
2806,VP3
2807,VP3
2808,VP3
2809,VP3
2810,VP3
2811,VP3
2812,VP3
2813,VP3
2814,VP3
2815,VP3
2816,VP3
2817,VP3
2818,VP3
2819,VP3
2820,VP3
2821,VP3
2822,VP3
2823,VP3
2824,VP3
2825,VP3
2826,VP3
2827,VP3
2828,VP3
2829,VP3
2830,VP3
2831,VP3
2832,VP3
2833,VP3
2834,VP3
2835,VP3
2836,VP3
2837,VP3
2838,VP3
2839,VP3
2840,VP3
2841,VP3
2842,VP3
2843,VP3
2844,VP3
2845,VP3
2846,VP3
2847,VP3
2848,VP3
2849,VP3
2850,VP3
2851,VP3
2852,VP3
2853,VP3
2854,VP3
2855,VP3
2856,VP3
2857,VP3
2858,VP3
2859,VP3
2860,VP3
2861,VP3
2862,VP3
2863,VP3
2864,VP3
2865,VP3
2866,VP3
2867,VP3
2868,VP3
2869,VP3
2870,VP3
2871,VP3
2872,VP3
2873,VP3
2874,VP3
2875,VP3
2876,VP3
2877,VP3
2878,VP3
2879,VP3
2880,VP3
2881,VP3
2882,VP3
2883,VP3
2884,VP3
2885,VP3
2886,VP3
2887,VP3
2888,VP3
2889,VP3
2890,VP3
2891,VP3
2892,VP3
2893,VP3
2894,VP3
2895,VP3
2896,VP3
2897,VP3
2898,VP3
2899,VP3
2900,VP3
2901,VP3
2902,VP3
2903,VP3
2904,VP3
2905,VP3
2906,VP3
2907,VP3
2908,VP3
2909,VP3
2910,VP3
2911,VP3
2912,VP3
2913,VP3
2914,VP3
2915,VP3
2916,VP3
2917,VP3
2918,VP3
2919,VP3
2920,VP3
2921,VP3
2922,VP3
2923,VP3
2924,VP3
2925,VP3
2926,VP3
2927,VP3
2928,VP3
2929,VP3
2930,VP3
2931,VP3
2932,VP3
2933,VP3
2934,VP3
2935,VP3
2936,VP3
2937,VP3
2938,VP3
2939,VP3
2940,VP3
2941,VP3
2942,VP3
2943,VP3
2944,VP3
2945,VP3
2946,VP3
2947,VP3
2948,VP3
2949,VP3
2950,VP3
2951,VP3
2952,VP3
2953,VP3
2954,VP3
2955,VP3
2956,VP3
2957,VP3
2958,VP3
2959,VP3
2960,VP3
2961,VP3
2962,VP3
2963,VP3
2964,VP3
2965,VP3
2966,VP3
2967,VP3
2968,VP3
2969,VP3
2970,VP3
2971,VP3
2972,VP3
2973,VP3
2974,VP3
2975,VP3
2976,VP3
2977,VP3
2978,VP3
2979,VP3
2980,VP3
2981,VP3
2982,VP3
2983,VP3
2984,VP3
2985,VP3
2986,VP3
2987,VP3
2988,VP3
2989,VP3
2990,VP3
2991,VP3
2992,VP3
2993,VP3
2994,VP3
2995,VP3
2996,VP3
2997,VP3
2998,VP3
2999,VP3
3000,VP3
3001,VP3
3002,VP3
3003,VP3
3004,VP3
3005,VP3
3006,VP3
3007,VP3
3008,VP3
3009,VP3
3010,VP3
3011,VP3
3012,VP3
3013,VP3
3014,VP3
3015,VP3
3016,VP3
3017,VP1
3018,VP1
3019,VP1
3020,VP1
3021,VP1
3022,VP1
3023,VP1
3024,VP1
3025,VP1
3026,VP1
3027,VP1
3028,VP1
3029,VP1
3030,VP1
3031,VP1
3032,VP1
3033,VP1
3034,VP1
3035,VP1
3036,VP1
3037,VP1
3038,VP1
3039,VP1
3040,VP1
3041,VP1
3042,VP1
3043,VP1
3044,VP1
3045,VP1
3046,VP1
3047,VP1
3048,VP1
3049,VP1
3050,VP1
3051,VP1
3052,VP1
3053,VP1
3054,VP1
3055,VP1
3056,VP1
3057,VP1
3058,VP1
3059,VP1
3060,VP1
3061,VP1
3062,VP1
3063,VP1
3064,VP1
3065,VP1
3066,VP1
3067,VP1
3068,VP1
3069,VP1
3070,VP1
3071,VP1
3072,VP1
3073,VP1
3074,VP1
3075,VP1
3076,VP1
3077,VP1
3078,VP1
3079,VP1
3080,VP1
3081,VP1
3082,VP1
3083,VP1
3084,VP1
3085,VP1
3086,VP1
3087,VP1
3088,VP1
3089,VP1
3090,VP1
3091,VP1
3092,VP1
3093,VP1
3094,VP1
3095,VP1
3096,VP1
3097,VP1
3098,VP1
3099,VP1
3100,VP1
3101,VP1
3102,VP1
3103,VP1
3104,VP1
3105,VP1
3106,VP1
3107,VP1
3108,VP1
3109,VP1
3110,VP1
3111,VP1
3112,VP1
3113,VP1
3114,VP1
3115,VP1
3116,VP1
3117,VP1
3118,VP1
3119,VP1
3120,VP1
3121,VP1
3122,VP1
3123,VP1
3124,VP1
3125,VP1
3126,VP1
3127,VP1
3128,VP1
3129,VP1
3130,VP1
3131,VP1
3132,VP1
3133,VP1
3134,VP1
3135,VP1
3136,VP1
3137,VP1
3138,VP1
3139,VP1
3140,VP1
3141,VP1
3142,VP1
3143,VP1
3144,VP1
3145,VP1
3146,VP1
3147,VP1
3148,VP1
3149,VP1
3150,VP1
3151,VP1
3152,VP1
3153,VP1
3154,VP1
3155,VP1
3156,VP1
3157,VP1
3158,VP1
3159,VP1
3160,VP1
3161,VP1
3162,VP1
3163,VP1
3164,VP1
3165,VP1
3166,VP1
3167,VP1
3168,VP1
3169,VP1
3170,VP1
3171,VP1
3172,VP1
3173,VP1
3174,VP1
3175,VP1
3176,VP1
3177,VP1
3178,VP1
3179,VP1
3180,VP1
3181,VP1
3182,VP1
3183,VP1
3184,VP1
3185,VP1
3186,VP1
3187,VP1
3188,VP1
3189,VP1
3190,VP1
3191,VP1
3192,VP1
3193,VP1
3194,VP1
3195,VP1
3196,VP1
3197,VP1
3198,VP1
3199,VP1
3200,VP1
3201,VP1
3202,VP1
3203,VP1
3204,VP1
3205,VP1
3206,VP1
3207,VP1
3208,VP1
3209,VP1
3210,VP1
3211,VP1
3212,VP1
3213,VP1
3214,VP1
3215,VP1
3216,VP1
3217,VP1
3218,VP1
3219,VP1
3220,VP1
3221,VP1
3222,VP1
3223,VP1
3224,VP1
3225,VP1
3226,VP1
3227,VP1
3228,VP1
3229,VP1
3230,VP1
3231,VP1
3232,VP1
3233,VP1
3234,VP1
3235,VP1
3236,VP1
3237,VP1
3238,VP1
3239,VP1
3240,VP1
3241,VP1
3242,VP1
3243,VP1
3244,VP1
3245,VP1
3246,VP1
3247,VP1
3248,VP1
3249,VP1
3250,VP1
3251,VP1
3252,VP1
3253,VP1
3254,VP1
3255,VP1
3256,VP1
3257,VP1
3258,VP1
3259,VP1
3260,VP1
3261,VP1
3262,VP1
3263,VP1
3264,VP1
3265,VP1
3266,VP1
3267,VP1
3268,VP1
3269,VP1
3270,VP1
3271,VP1
3272,VP1
3273,VP1
3274,VP1
3275,VP1
3276,VP1
3277,VP1
3278,VP1
3279,VP1
3280,VP1
3281,VP1
3282,VP1
3283,VP1
3284,VP1
3285,VP1
3286,VP1
3287,VP1
3288,VP1
3289,VP1
3290,VP1
3291,VP1
3292,VP1
3293,VP1
3294,VP1
3295,VP1
3296,VP1
3297,VP1
3298,VP1
3299,VP1
3300,VP1
3301,VP1
3302,VP1
3303,VP1
3304,VP1
3305,VP1
3306,VP1
3307,VP1
3308,VP1
3309,VP1
3310,VP1
3311,VP1
3312,VP1
3313,VP1
3314,VP1
3315,VP1
3316,VP1
3317,VP1
3318,VP1
3319,VP1
3320,VP1
3321,VP1
3322,VP1
3323,VP1
3324,VP1
3325,VP1
3326,VP1
3327,VP1
3328,VP1
3329,VP1
3330,VP1
3331,VP1
3332,VP1
3333,VP1
3334,VP1
3335,VP1
3336,VP1
3337,VP1
3338,VP1
3339,VP1
3340,VP1
3341,VP1
3342,VP1
3343,VP1
3344,VP1
3345,VP1
3346,VP1
3347,VP1
3348,VP1
3349,VP1
3350,VP1
3351,VP1
3352,VP1
3353,VP1
3354,VP1
3355,VP1
3356,VP1
3357,VP1
3358,VP1
3359,VP1
3360,VP1
3361,VP1
3362,VP1
3363,VP1
3364,VP1
3365,VP1
3366,VP1
3367,VP1
3368,VP1
3369,VP1
3370,VP1
3371,VP1
3372,VP1
3373,VP1
3374,VP1
3375,VP1
3376,VP1
3377,VP1
3378,VP1
3379,VP1
3380,VP1
3381,VP1
3382,VP1
3383,VP1
3384,VP1
3385,VP1
3386,VP1
3387,VP1
3388,VP1
3389,VP1
3390,VP1
3391,VP1
3392,VP1
3393,VP1
3394,VP1
3395,VP1
3396,VP1
3397,VP1
3398,VP1
3399,VP1
3400,VP1
3401,VP1
3402,VP1
3403,VP1
3404,VP1
3405,VP1
3406,VP1
3407,VP1
3408,VP1
3409,VP1
3410,VP1
3411,VP1
3412,VP1
3413,VP1
3414,VP1
3415,VP1
3416,VP1
3417,VP1
3418,VP1
3419,VP1
3420,VP1
3421,VP1
3422,VP1
3423,VP1
3424,VP1
3425,VP1
3426,VP1
3427,VP1
3428,VP1
3429,VP1
3430,VP1
3431,VP1
3432,VP1
3433,VP1
3434,VP1
3435,VP1
3436,VP1
3437,VP1
3438,VP1
3439,VP1
3440,VP1
3441,VP1
3442,VP1
3443,VP1
3444,VP1
3445,VP1
3446,VP1
3447,VP1
3448,VP1
3449,VP1
3450,VP1
3451,VP1
3452,VP1
3453,VP1
3454,VP1
3455,VP1
3456,VP1
3457,VP1
3458,VP1
3459,VP1
3460,VP1
3461,VP1
3462,VP1
3463,VP1
3464,VP1
3465,VP1
3466,VP1
3467,VP1
3468,VP1
3469,VP1
3470,VP1
3471,VP1
3472,VP1
3473,VP1
3474,VP1
3475,VP1
3476,VP1
3477,VP1
3478,VP1
3479,VP1
3480,VP1
3481,VP1
3482,VP1
3483,VP1
3484,VP1
3485,VP1
3486,VP1
3487,VP1
3488,VP1
3489,VP1
3490,VP1
3491,VP1
3492,VP1
3493,VP1
3494,VP1
3495,VP1
3496,VP1
3497,VP1
3498,VP1
3499,VP1
3500,VP1
3501,VP1
3502,VP1
3503,VP1
3504,VP1
3505,VP1
3506,VP1
3507,VP1
3508,VP1
3509,VP1
3510,VP1
3511,VP1
3512,VP1
3513,VP1
3514,VP1
3515,VP1
3516,VP1
3517,VP1
3518,VP1
3519,VP1
3520,VP1
3521,VP1
3522,VP1
3523,VP1
3524,VP1
3525,VP1
3526,VP1
3527,VP1
3528,VP1
3529,VP1
3530,VP1
3531,VP1
3532,VP1
3533,VP1
3534,VP1
3535,VP1
3536,VP1
3537,VP1
3538,VP1
3539,VP1
3540,VP1
3541,VP1
3542,VP1
3543,VP1
3544,VP1
3545,VP1
3546,VP1
3547,VP1
3548,VP1
3549,VP1
3550,VP1
3551,VP1
3552,VP1
3553,VP1
3554,VP1
3555,VP1
3556,VP1
3557,VP1
3558,VP1
3559,VP1
3560,VP1
3561,VP1
3562,VP1
3563,VP1
3564,VP1
3565,VP1
3566,VP1
3567,VP1
3568,VP1
3569,VP1
3570,VP1
3571,VP1
3572,VP1
3573,VP1
3574,VP1
3575,VP1
3576,VP1
3577,VP1
3578,VP1
3579,VP1
3580,VP1
3581,VP1
3582,VP1
3583,VP1
3584,VP1
3585,VP1
3586,VP1
3587,VP1
3588,VP1
3589,VP1
3590,VP1
3591,VP1
3592,VP1
3593,VP1
3594,VP1
3595,VP1
3596,VP1
3597,VP1
3598,VP1
3599,VP1
3600,VP1
3601,VP1
3602,VP1
3603,VP1
3604,VP1
3605,VP1
3606,VP1
3607,VP1
3608,VP1
3609,VP1
3610,VP1
3611,VP1
3612,VP1
3613,VP1
3614,VP1
3615,VP1
3616,VP1
3617,VP1
3618,VP1
3619,VP1
3620,VP1
3621,VP1
3622,VP1
3623,VP1
3624,VP1
3625,VP1
3626,VP1
3627,VP1
3628,VP1
3629,VP1
3630,VP1
3631,VP1
3632,VP1
3633,VP1
3634,VP1
3635,VP1
3636,VP1
3637,VP1
3638,VP1
3639,VP1
3640,VP1
3641,VP1
3642,VP1
3643,VP1
3644,VP1
3645,VP1
3646,VP1
3647,VP1
3648,VP1
3649,VP1
3650,VP1
3651,VP1
3652,VP1
3653,VP1
3654,VP1
3655,VP1
3656,VP1
3657,VP1
3658,VP1
3659,VP1
3660,VP1
3661,VP1
3662,VP1
3663,VP1
3664,VP1
3665,VP1
3666,VP1
3667,VP1
3668,VP1
3669,VP1
3670,VP1
3671,VP1
3672,VP1
3673,VP1
3674,VP1
3675,VP1
3676,VP1
3677,VP1
3678,VP1
3679,VP1
3680,VP1
3681,VP1
3682,VP1
3683,VP1
3684,VP1
3685,VP1
3686,VP1
3687,VP1
3688,VP1
3689,VP1
3690,VP1
3691,VP1
3692,VP1
3693,VP1
3694,VP1
3695,VP1
3696,VP1
3697,VP1
3698,VP1
3699,VP1
3700,VP1
3701,VP1
3702,VP1
3703,VP1
3704,VP1
3705,VP1
3706,VP1
3707,VP1
3708,VP1
3709,VP1
3710,VP1
3711,VP1
3712,VP1
3713,VP1
3714,VP1
3715,VP1
3716,VP1
3717,VP1
3718,VP1
3719,VP1
3720,VP1
3721,VP1
3722,VP1
3723,VP1
3724,VP1
3725,VP1
3726,VP1
3727,VP1
3728,VP1
3729,VP1
3730,VP1
3731,VP1
3732,VP1
3733,VP1
3734,VP1
3735,VP1
3736,VP1
3737,VP1
3738,VP1
3739,VP1
3740,VP1
3741,VP1
3742,VP1
3743,2A
3744,2A
3745,2A
3746,2A
3747,2A
3748,2A
3749,2A
3750,2A
3751,2A
3752,2A
3753,2A
3754,2A
3755,2A
3756,2A
3757,2A
3758,2A
3759,2A
3760,2A
3761,2A
3762,2A
3763,2A
3764,2A
3765,2A
3766,2A
3767,2A
3768,2A
3769,2A
3770,2A
3771,2A
3772,2A
3773,2A
3774,2A
3775,2A
3776,2A
3777,2A
3778,2A
3779,2A
3780,2A
3781,2A
3782,2A
3783,2A
3784,2A
3785,2A
3786,2A
3787,2A
3788,2A
3789,2A
3790,2A
3791,2A
3792,2A
3793,2A
3794,2A
3795,2A
3796,2A
3797,2A
3798,2A
3799,2A
3800,2A
3801,2A
3802,2A
3803,2A
3804,2A
3805,2A
3806,2A
3807,2A
3808,2A
3809,2A
3810,2A
3811,2A
3812,2A
3813,2A
3814,2A
3815,2A
3816,2A
3817,2A
3818,2A
3819,2A
3820,2A
3821,2A
3822,2A
3823,2A
3824,2A
3825,2A
3826,2A
3827,2A
3828,2A
3829,2A
3830,2A
3831,2A
3832,2A
3833,2A
3834,2A
3835,2A
3836,2A
3837,2A
3838,2A
3839,2A
3840,2A
3841,2A
3842,2A
3843,2A
3844,2A
3845,2A
3846,2A
3847,2A
3848,2A
3849,2A
3850,2A
3851,2A
3852,2A
3853,2A
3854,2A
3855,2A
3856,2A
3857,2A
3858,2A
3859,2A
3860,2A
3861,2A
3862,2A
3863,2A
3864,2A
3865,2A
3866,2A
3867,2A
3868,2A
3869,2A
3870,2A
3871,2A
3872,2A
3873,2A
3874,2A
3875,2A
3876,2A
3877,2A
3878,2A
3879,2A
3880,2A
3881,2A
3882,2A
3883,2A
3884,2A
3885,2A
3886,2A
3887,2A
3888,2A
3889,2A
3890,2A
3891,2A
3892,2A
3893,2A
3894,2A
3895,2A
3896,2A
3897,2A
3898,2A
3899,2A
3900,2A
3901,2A
3902,2A
3903,2A
3904,2A
3905,2A
3906,2A
3907,2A
3908,2A
3909,2A
3910,2A
3911,2A
3912,2A
3913,2A
3914,2A
3915,2A
3916,2A
3917,2A
3918,2A
3919,2A
3920,2A
3921,2A
3922,2A
3923,2A
3924,2A
3925,2A
3926,2A
3927,2A
3928,2A
3929,2A
3930,2A
3931,2A
3932,2A
3933,2A
3934,2A
3935,2A
3936,2A
3937,2A
3938,2A
3939,2A
3940,2A
3941,2A
3942,2A
3943,2A
3944,2A
3945,2A
3946,2A
3947,2A
3948,2A
3949,2A
3950,2A
3951,2A
3952,2A
3953,2A
3954,2A
3955,2A
3956,2A
3957,2A
3958,2A
3959,2A
3960,2A
3961,2A
3962,2A
3963,2A
3964,2A
3965,2A
3966,2A
3967,2A
3968,2A
3969,2A
3970,2A
3971,2A
3972,2A
3973,2A
3974,2A
3975,2A
3976,2A
3977,2A
3978,2A
3979,2A
3980,2A
3981,2A
3982,2A
3983,2A
3984,2A
3985,2A
3986,2A
3987,2A
3988,2A
3989,2A
3990,2A
3991,2A
3992,2A
3993,2A
3994,2A
3995,2A
3996,2A
3997,2A
3998,2A
3999,2A
4000,2A
4001,2A
4002,2A
4003,2A
4004,2A
4005,2A
4006,2A
4007,2A
4008,2A
4009,2A
4010,2A
4011,2A
4012,2A
4013,2A
4014,2A
4015,2A
4016,2A
4017,2A
4018,2A
4019,2A
4020,2A
4021,2A
4022,2A
4023,2A
4024,2A
4025,2A
4026,2A
4027,2A
4028,2A
4029,2A
4030,2A
4031,2A
4032,2A
4033,2A
4034,2A
4035,2A
4036,2A
4037,2A
4038,2A
4039,2A
4040,2A
4041,2A
4042,2A
4043,2A
4044,2A
4045,2A
4046,2A
4047,2A
4048,2A
4049,2A
4050,2A
4051,2A
4052,2A
4053,2A
4054,2A
4055,2A
4056,2A
4057,2A
4058,2A
4059,2A
4060,2A
4061,2A
4062,2A
4063,2A
4064,2A
4065,2A
4066,2A
4067,2A
4068,2A
4069,2A
4070,2A
4071,2A
4072,2A
4073,2A
4074,2A
4075,2A
4076,2A
4077,2A
4078,2A
4079,2A
4080,2A
4081,2A
4082,2A
4083,2A
4084,2A
4085,2A
4086,2A
4087,2A
4088,2A
4089,2A
4090,2A
4091,2A
4092,2A
4093,2A
4094,2A
4095,2A
4096,2A
4097,2A
4098,2A
4099,2A
4100,2A
4101,2A
4102,2A
4103,2A
4104,2A
4105,2A
4106,2A
4107,2A
4108,2A
4109,2A
4110,2A
4111,2A
4112,2A
4113,2A
4114,2A
4115,2A
4116,2A
4117,2A
4118,2A
4119,2A
4120,2A
4121,2A
4122,2A
4123,2A
4124,2A
4125,2A
4126,2A
4127,2A
4128,2A
4129,2A
4130,2A
4131,2A
4132,2A
4133,2A
4134,2A
4135,2A
4136,2A
4137,2A
4138,2A
4139,2A
4140,2A
4141,2A
4142,2A
4143,2A
4144,2A
4145,2A
4146,2A
4147,2A
4148,2A
4149,2A
4150,2A
4151,2B
4152,2B
4153,2B
4154,2B
4155,2B
4156,2B
4157,2B
4158,2B
4159,2B
4160,2B
4161,2B
4162,2B
4163,2B
4164,2B
4165,2B
4166,2B
4167,2B
4168,2B
4169,2B
4170,2B
4171,2B
4172,2B
4173,2B
4174,2B
4175,2B
4176,2B
4177,2B
4178,2B
4179,2B
4180,2B
4181,2B
4182,2B
4183,2B
4184,2B
4185,2B
4186,2B
4187,2B
4188,2B
4189,2B
4190,2B
4191,2B
4192,2B
4193,2B
4194,2B
4195,2B
4196,2B
4197,2B
4198,2B
4199,2B
4200,2B
4201,2B
4202,2B
4203,2B
4204,2B
4205,2B
4206,2B
4207,2B
4208,2B
4209,2B
4210,2B
4211,2B
4212,2B
4213,2B
4214,2B
4215,2B
4216,2B
4217,2B
4218,2B
4219,2B
4220,2B
4221,2B
4222,2B
4223,2B
4224,2B
4225,2B
4226,2B
4227,2B
4228,2B
4229,2B
4230,2B
4231,2B
4232,2B
4233,2B
4234,2B
4235,2B
4236,2B
4237,2B
4238,2B
4239,2B
4240,2B
4241,2B
4242,2B
4243,2B
4244,2B
4245,2B
4246,2B
4247,2B
4248,2B
4249,2B
4250,2B
4251,2B
4252,2B
4253,2B
4254,2B
4255,2B
4256,2B
4257,2B
4258,2B
4259,2B
4260,2B
4261,2B
4262,2B
4263,2B
4264,2B
4265,2B
4266,2B
4267,2B
4268,2B
4269,2B
4270,2B
4271,2B
4272,2B
4273,2B
4274,2B
4275,2B
4276,2B
4277,2B
4278,2B
4279,2B
4280,2B
4281,2B
4282,2B
4283,2B
4284,2B
4285,2B
4286,2B
4287,2B
4288,2B
4289,2B
4290,2B
4291,2B
4292,2B
4293,2B
4294,2B
4295,2B
4296,2B
4297,2B
4298,2B
4299,2B
4300,2B
4301,2B
4302,2B
4303,2B
4304,2B
4305,2B
4306,2B
4307,2B
4308,2B
4309,2B
4310,2B
4311,2B
4312,2B
4313,2B
4314,2B
4315,2B
4316,2B
4317,2B
4318,2B
4319,2B
4320,2B
4321,2B
4322,2B
4323,2B
4324,2B
4325,2B
4326,2B
4327,2B
4328,2B
4329,2B
4330,2B
4331,2B
4332,2B
4333,2B
4334,2B
4335,2B
4336,2B
4337,2B
4338,2B
4339,2B
4340,2B
4341,2B
4342,2B
4343,2B
4344,2B
4345,2B
4346,2B
4347,2B
4348,2B
4349,2B
4350,2B
4351,2B
4352,2B
4353,2B
4354,2B
4355,2B
4356,2B
4357,2B
4358,2B
4359,2B
4360,2B
4361,2B
4362,2B
4363,2B
4364,2B
4365,2B
4366,2B
4367,2B
4368,2B
4369,2B
4370,2B
4371,2B
4372,2B
4373,2B
4374,2B
4375,2B
4376,2B
4377,2B
4378,2B
4379,2B
4380,2B
4381,2B
4382,2B
4383,2B
4384,2B
4385,2B
4386,2B
4387,2B
4388,2B
4389,2B
4390,2B
4391,2B
4392,2B
4393,2B
4394,2B
4395,2B
4396,2B
4397,2B
4398,2B
4399,2B
4400,2B
4401,2B
4402,2B
4403,2B
4404,2B
4405,2B
4406,2B
4407,2B
4408,2B
4409,2B
4410,2B
4411,2B
4412,2B
4413,2B
4414,2B
4415,2B
4416,2B
4417,2B
4418,2B
4419,2B
4420,2B
4421,2B
4422,2B
4423,2B
4424,2B
4425,2B
4426,2B
4427,2B
4428,2B
4429,2B
4430,2B
4431,2B
4432,2B
4433,2B
4434,2B
4435,2B
4436,2B
4437,2B
4438,2B
4439,2B
4440,2B
4441,2B
4442,2B
4443,2B
4444,2B
4445,2B
4446,2B
4447,2B
4448,2B
4449,2B
4450,2B
4451,2B
4452,2B
4453,2B
4454,2B
4455,2B
4456,2B
4457,2B
4458,2B
4459,2B
4460,2B
4461,2B
4462,2B
4463,2B
4464,2B
4465,2B
4466,2B
4467,2B
4468,2B
4469,2B
4470,2B
4471,2B
4472,2B
4473,2B
4474,2B
4475,2B
4476,2B
4477,2B
4478,2B
4479,2B
4480,2B
4481,2B
4482,2B
4483,2B
4484,2B
4485,2B
4486,2B
4487,2B
4488,2B
4489,2B
4490,2B
4491,2B
4492,2B
4493,2B
4494,2B
4495,2B
4496,2B
4497,2B
4498,2B
4499,2B
4500,2B
4501,2B
4502,2B
4503,2B
4504,2B
4505,2B
4506,2B
4507,2B
4508,2B
4509,2B
4510,2B
4511,2B
4512,2B
4513,2B
4514,2B
4515,2B
4516,2B
4517,2B
4518,2B
4519,2B
4520,2B
4521,2B
4522,2B
4523,2B
4524,2B
4525,2B
4526,2B
4527,2B
4528,2B
4529,2B
4530,2B
4531,2B
4532,2B
4533,2B
4534,2B
4535,2B
4536,2B
4537,2B
4538,2B
4539,2B
4540,2B
4541,2B
4542,2B
4543,2B
4544,2B
4545,2B
4546,2B
4547,2B
4548,2B
4549,2B
4550,2B
4551,2B
4552,2B
4553,2B
4554,2B
4555,2B
4556,2B
4557,2B
4558,2B
4559,2B
4560,2B
4561,2B
4562,2B
4563,2B
4564,2B
4565,2B
4566,2B
4567,2B
4568,2B
4569,2B
4570,2B
4571,2B
4572,2B
4573,2B
4574,2B
4575,2B
4576,2B
4577,2B
4578,2B
4579,2B
4580,2B
4581,2B
4582,2B
4583,2B
4584,2B
4585,2B
4586,2B
4587,2B
4588,2B
4589,2B
4590,2B
4591,2B
4592,2B
4593,2B
4594,2B
4595,2B
4596,2B
4597,2B
4598,2B
4599,2B
4600,2B
4601,2B
4602,2B
4603,2B
4604,2B
4605,2B
4606,2B
4607,2B
4608,2B
4609,2B
4610,2B
4611,2B
4612,2B
4613,2B
4614,2B
4615,2B
4616,2B
4617,2B
4618,2B
4619,2B
4620,2B
4621,2B
4622,2B
4623,2B
4624,2B
4625,2B
4626,2B
4627,2B
4628,2B
4629,2B
4630,2B
4631,2B
4632,2B
4633,2B
4634,2B
4635,2B
4636,2B
4637,2B
4638,2B
4639,2B
4640,2B
4641,2B
4642,2B
4643,2B
4644,2B
4645,2B
4646,2C
4647,2C
4648,2C
4649,2C
4650,2C
4651,2C
4652,2C
4653,2C
4654,2C
4655,2C
4656,2C
4657,2C
4658,2C
4659,2C
4660,2C
4661,2C
4662,2C
4663,2C
4664,2C
4665,2C
4666,2C
4667,2C
4668,2C
4669,2C
4670,2C
4671,2C
4672,2C
4673,2C
4674,2C
4675,2C
4676,2C
4677,2C
4678,2C
4679,2C
4680,2C
4681,2C
4682,2C
4683,2C
4684,2C
4685,2C
4686,2C
4687,2C
4688,2C
4689,2C
4690,2C
4691,2C
4692,2C
4693,2C
4694,2C
4695,2C
4696,2C
4697,2C
4698,2C
4699,2C
4700,2C
4701,2C
4702,2C
4703,2C
4704,2C
4705,2C
4706,2C
4707,2C
4708,2C
4709,2C
4710,2C
4711,2C
4712,2C
4713,2C
4714,2C
4715,2C
4716,2C
4717,2C
4718,2C
4719,2C
4720,2C
4721,2C
4722,2C
4723,2C
4724,2C
4725,2C
4726,2C
4727,2C
4728,2C
4729,2C
4730,2C
4731,2C
4732,2C
4733,2C
4734,2C
4735,2C
4736,2C
4737,2C
4738,2C
4739,2C
4740,2C
4741,2C
4742,2C
4743,2C
4744,2C
4745,2C
4746,2C
4747,2C
4748,2C
4749,2C
4750,2C
4751,2C
4752,2C
4753,2C
4754,2C
4755,2C
4756,2C
4757,2C
4758,2C
4759,2C
4760,2C
4761,2C
4762,2C
4763,2C
4764,2C
4765,2C
4766,2C
4767,2C
4768,2C
4769,2C
4770,2C
4771,2C
4772,2C
4773,2C
4774,2C
4775,2C
4776,2C
4777,2C
4778,2C
4779,2C
4780,2C
4781,2C
4782,2C
4783,2C
4784,2C
4785,2C
4786,2C
4787,2C
4788,2C
4789,2C
4790,2C
4791,2C
4792,2C
4793,2C
4794,2C
4795,2C
4796,2C
4797,2C
4798,2C
4799,2C
4800,2C
4801,2C
4802,2C
4803,2C
4804,2C
4805,2C
4806,2C
4807,2C
4808,2C
4809,2C
4810,2C
4811,2C
4812,2C
4813,2C
4814,2C
4815,2C
4816,2C
4817,2C
4818,2C
4819,2C
4820,2C
4821,2C
4822,2C
4823,2C
4824,2C
4825,2C
4826,2C
4827,2C
4828,2C
4829,2C
4830,2C
4831,2C
4832,2C
4833,2C
4834,2C
4835,2C
4836,2C
4837,2C
4838,2C
4839,2C
4840,2C
4841,2C
4842,2C
4843,2C
4844,2C
4845,2C
4846,2C
4847,2C
4848,2C
4849,2C
4850,2C
4851,2C
4852,2C
4853,2C
4854,2C
4855,2C
4856,2C
4857,2C
4858,2C
4859,2C
4860,2C
4861,2C
4862,2C
4863,2C
4864,2C
4865,2C
4866,2C
4867,2C
4868,2C
4869,2C
4870,2C
4871,2C
4872,2C
4873,2C
4874,2C
4875,2C
4876,2C
4877,2C
4878,2C
4879,2C
4880,2C
4881,2C
4882,2C
4883,2C
4884,2C
4885,2C
4886,2C
4887,2C
4888,2C
4889,2C
4890,2C
4891,2C
4892,2C
4893,2C
4894,2C
4895,2C
4896,2C
4897,2C
4898,2C
4899,2C
4900,2C
4901,2C
4902,2C
4903,2C
4904,2C
4905,2C
4906,2C
4907,2C
4908,2C
4909,2C
4910,2C
4911,2C
4912,2C
4913,2C
4914,2C
4915,2C
4916,2C
4917,2C
4918,2C
4919,2C
4920,2C
4921,2C
4922,2C
4923,2C
4924,2C
4925,2C
4926,2C
4927,2C
4928,2C
4929,2C
4930,2C
4931,2C
4932,2C
4933,2C
4934,2C
4935,2C
4936,2C
4937,2C
4938,2C
4939,2C
4940,2C
4941,2C
4942,2C
4943,2C
4944,2C
4945,2C
4946,2C
4947,2C
4948,2C
4949,2C
4950,2C
4951,2C
4952,2C
4953,2C
4954,2C
4955,2C
4956,2C
4957,2C
4958,2C
4959,2C
4960,2C
4961,2C
4962,2C
4963,2C
4964,2C
4965,2C
4966,2C
4967,2C
4968,2C
4969,2C
4970,2C
4971,2C
4972,2C
4973,2C
4974,2C
4975,2C
4976,2C
4977,2C
4978,2C
4979,2C
4980,2C
4981,2C
4982,2C
4983,2C
4984,2C
4985,2C
4986,2C
4987,2C
4988,2C
4989,2C
4990,2C
4991,2C
4992,2C
4993,2C
4994,2C
4995,2C
4996,2C
4997,2C
4998,2C
4999,2C
5000,2C
5001,2C
5002,2C
5003,2C
5004,2C
5005,2C
5006,2C
5007,2C
5008,2C
5009,2C
5010,2C
5011,2C
5012,2C
5013,2C
5014,2C
5015,2C
5016,2C
5017,2C
5018,2C
5019,2C
5020,2C
5021,2C
5022,2C
5023,2C
5024,2C
5025,2C
5026,2C
5027,2C
5028,2C
5029,2C
5030,2C
5031,2C
5032,2C
5033,2C
5034,2C
5035,2C
5036,2C
5037,2C
5038,2C
5039,2C
5040,2C
5041,2C
5042,2C
5043,2C
5044,2C
5045,2C
5046,2C
5047,2C
5048,2C
5049,2C
5050,2C
5051,2C
5052,2C
5053,2C
5054,2C
5055,2C
5056,2C
5057,2C
5058,2C
5059,2C
5060,2C
5061,2C
5062,2C
5063,2C
5064,2C
5065,2C
5066,2C
5067,2C
5068,2C
5069,2C
5070,2C
5071,2C
5072,2C
5073,2C
5074,2C
5075,2C
5076,2C
5077,2C
5078,2C
5079,2C
5080,2C
5081,2C
5082,2C
5083,2C
5084,2C
5085,2C
5086,2C
5087,2C
5088,2C
5089,2C
5090,2C
5091,2C
5092,2C
5093,2C
5094,2C
5095,2C
5096,2C
5097,2C
5098,2C
5099,2C
5100,2C
5101,2C
5102,2C
5103,2C
5104,2C
5105,2C
5106,2C
5107,2C
5108,2C
5109,2C
5110,2C
5111,2C
5112,2C
5113,2C
5114,2C
5115,2C
5116,2C
5117,2C
5118,2C
5119,2C
5120,2C
5121,2C
5122,2C
5123,2C
5124,2C
5125,2C
5126,2C
5127,2C
5128,2C
5129,2C
5130,2C
5131,2C
5132,2C
5133,2C
5134,2C
5135,2C
5136,2C
5137,2C
5138,2C
5139,2C
5140,2C
5141,2C
5142,2C
5143,2C
5144,2C
5145,2C
5146,2C
5147,2C
5148,2C
5149,2C
5150,2C
5151,2C
5152,2C
5153,2C
5154,2C
5155,2C
5156,2C
5157,2C
5158,2C
5159,2C
5160,2C
5161,2C
5162,2C
5163,2C
5164,2C
5165,2C
5166,2C
5167,2C
5168,2C
5169,2C
5170,2C
5171,2C
5172,2C
5173,2C
5174,2C
5175,2C
5176,2C
5177,2C
5178,2C
5179,2C
5180,2C
5181,2C
5182,2C
5183,2C
5184,2C
5185,2C
5186,2C
5187,2C
5188,2C
5189,2C
5190,2C
5191,2C
5192,2C
5193,2C
5194,2C
5195,2C
5196,2C
5197,2C
5198,2C
5199,2C
5200,2C
5201,2C
5202,2C
5203,2C
5204,2C
5205,2C
5206,2C
5207,2C
5208,2C
5209,2C
5210,2C
5211,2C
5212,2C
5213,2C
5214,2C
5215,2C
5216,2C
5217,2C
5218,2C
5219,2C
5220,2C
5221,2C
5222,2C
5223,2C
5224,2C
5225,2C
5226,2C
5227,2C
5228,2C
5229,2C
5230,2C
5231,2C
5232,2C
5233,2C
5234,2C
5235,2C
5236,2C
5237,2C
5238,2C
5239,2C
5240,2C
5241,2C
5242,2C
5243,2C
5244,2C
5245,2C
5246,2C
5247,2C
5248,2C
5249,2C
5250,2C
5251,2C
5252,2C
5253,2C
5254,2C
5255,2C
5256,2C
5257,2C
5258,2C
5259,2C
5260,2C
5261,2C
5262,2C
5263,2C
5264,2C
5265,2C
5266,2C
5267,2C
5268,2C
5269,2C
5270,2C
5271,2C
5272,2C
5273,2C
5274,2C
5275,2C
5276,2C
5277,2C
5278,2C
5279,2C
5280,2C
5281,2C
5282,2C
5283,2C
5284,2C
5285,2C
5286,2C
5287,2C
5288,2C
5289,2C
5290,2C
5291,2C
5292,2C
5293,2C
5294,2C
5295,2C
5296,2C
5297,2C
5298,2C
5299,2C
5300,2C
5301,2C
5302,2C
5303,2C
5304,2C
5305,2C
5306,2C
5307,2C
5308,2C
5309,2C
5310,2C
5311,2C
5312,2C
5313,2C
5314,2C
5315,2C
5316,2C
5317,2C
5318,2C
5319,2C
5320,2C
5321,2C
5322,2C
5323,2C
5324,2C
5325,2C
5326,2C
5327,2C
5328,2C
5329,2C
5330,2C
5331,2C
5332,2C
5333,2C
5334,2C
5335,2C
5336,2C
5337,2C
5338,2C
5339,2C
5340,2C
5341,2C
5342,2C
5343,2C
5344,2C
5345,2C
5346,2C
5347,2C
5348,2C
5349,2C
5350,2C
5351,2C
5352,2C
5353,2C
5354,2C
5355,2C
5356,2C
5357,2C
5358,2C
5359,2C
5360,2C
5361,2C
5362,2C
5363,2C
5364,2C
5365,2C
5366,2C
5367,2C
5368,2C
5369,2C
5370,2C
5371,2C
5372,2C
5373,2C
5374,2C
5375,2C
5376,2C
5377,2C
5378,2C
5379,2C
5380,2C
5381,2C
5382,2C
5383,2C
5384,2C
5385,2C
5386,2C
5387,2C
5388,2C
5389,2C
5390,2C
5391,2C
5392,2C
5393,2C
5394,2C
5395,2C
5396,2C
5397,2C
5398,2C
5399,2C
5400,2C
5401,2C
5402,2C
5403,2C
5404,2C
5405,2C
5406,2C
5407,2C
5408,2C
5409,2C
5410,2C
5411,2C
5412,2C
5413,2C
5414,2C
5415,2C
5416,2C
5417,2C
5418,2C
5419,2C
5420,2C
5421,2C
5422,2C
5423,2C
5424,2C
5425,2C
5426,2C
5427,2C
5428,2C
5429,2C
5430,2C
5431,2C
5432,2C
5433,2C
5434,2C
5435,2C
5436,2C
5437,2C
5438,2C
5439,2C
5440,2C
5441,2C
5442,2C
5443,2C
5444,2C
5445,2C
5446,2C
5447,2C
5448,2C
5449,2C
5450,2C
5451,2C
5452,2C
5453,2C
5454,2C
5455,2C
5456,2C
5457,2C
5458,2C
5459,2C
5460,2C
5461,2C
5462,2C
5463,2C
5464,2C
5465,2C
5466,2C
5467,2C
5468,2C
5469,2C
5470,2C
5471,2C
5472,2C
5473,2C
5474,2C
5475,2C
5476,2C
5477,2C
5478,2C
5479,2C
5480,2C
5481,2C
5482,2C
5483,2C
5484,2C
5485,2C
5486,2C
5487,2C
5488,2C
5489,2C
5490,2C
5491,2C
5492,2C
5493,2C
5494,2C
5495,2C
5496,2C
5497,2C
5498,2C
5499,2C
5500,2C
5501,2C
5502,2C
5503,2C
5504,2C
5505,2C
5506,2C
5507,2C
5508,2C
5509,2C
5510,2C
5511,2C
5512,2C
5513,2C
5514,2C
5515,2C
5516,2C
5517,2C
5518,2C
5519,2C
5520,2C
5521,2C
5522,2C
5523,2C
5524,2C
5525,2C
5526,2C
5527,2C
5528,2C
5529,2C
5530,2C
5531,2C
5532,2C
5533,2C
5534,2C
5535,2C
5536,2C
5537,2C
5538,2C
5539,2C
5540,2C
5541,2C
5542,2C
5543,2C
5544,2C
5545,2C
5546,2C
5547,2C
5548,2C
5549,2C
5550,2C
5551,2C
5552,2C
5553,2C
5554,2C
5555,2C
5556,2C
5557,2C
5558,2C
5559,2C
5560,2C
5561,2C
5562,2C
5563,2C
5564,2C
5565,2C
5566,2C
5567,2C
5568,2C
5569,2C
5570,2C
5571,2C
5572,2C
5573,2C
5574,2C
5575,2C
5576,2C
5577,2C
5578,2C
5579,2C
5580,2C
5581,2C
5582,2C
5583,2C
5584,2C
5585,2C
5586,2C
5587,2C
5588,2C
5589,2C
5590,2C
5591,2C
5592,2C
5593,2C
5594,2C
5595,2C
5596,2C
5597,2C
5598,2C
5599,2C
5600,2C
5601,2C
5602,2C
5603,2C
5604,2C
5605,2C
5606,2C
5607,2C
5608,2C
5609,2C
5610,2C
5611,2C
5612,2C
5613,2C
5614,2C
5615,2C
5616,2C
5617,2C
5618,2C
5619,2C
5620,2C
5621,2C
5622,2C
5623,2C
5624,2C
5625,2C
5626,2C
5627,2C
5628,2C
5629,2C
5630,2C
5631,2C
5632,2C
5633,2C
5634,2C
5635,2C
5636,2C
5637,2C
5638,2C
5639,2C
5640,2C
5641,2C
5642,2C
5643,2C
5644,2C
5645,2C
5646,2C
5647,2C
5648,2C
5649,2C
5650,2C
5651,3A
5652,3A
5653,3A
5654,3A
5655,3A
5656,3A
5657,3A
5658,3A
5659,3A
5660,3A
5661,3A
5662,3A
5663,3A
5664,3A
5665,3A
5666,3A
5667,3A
5668,3A
5669,3A
5670,3A
5671,3A
5672,3A
5673,3A
5674,3A
5675,3A
5676,3A
5677,3A
5678,3A
5679,3A
5680,3A
5681,3A
5682,3A
5683,3A
5684,3A
5685,3A
5686,3A
5687,3A
5688,3A
5689,3A
5690,3A
5691,3A
5692,3A
5693,3A
5694,3A
5695,3A
5696,3A
5697,3A
5698,3A
5699,3A
5700,3A
5701,3A
5702,3A
5703,3A
5704,3A
5705,3A
5706,3A
5707,3A
5708,3A
5709,3A
5710,3A
5711,3A
5712,3A
5713,3A
5714,3A
5715,3A
5716,3A
5717,3A
5718,3A
5719,3A
5720,3A
5721,3A
5722,3A
5723,3A
5724,3A
5725,3A
5726,3A
5727,3A
5728,3A
5729,3A
5730,3A
5731,3A
5732,3A
5733,3A
5734,3A
5735,3A
5736,3A
5737,3A
5738,3A
5739,3A
5740,3A
5741,3A
5742,3A
5743,3A
5744,3A
5745,3A
5746,3A
5747,3A
5748,3A
5749,3A
5750,3A
5751,3A
5752,3A
5753,3A
5754,3A
5755,3A
5756,3A
5757,3A
5758,3A
5759,3A
5760,3A
5761,3A
5762,3A
5763,3A
5764,3A
5765,3A
5766,3A
5767,3A
5768,3A
5769,3A
5770,3A
5771,3A
5772,3A
5773,3A
5774,3A
5775,3A
5776,3A
5777,3A
5778,3A
5779,3A
5780,3A
5781,3A
5782,3A
5783,3A
5784,3A
5785,3A
5786,3A
5787,3A
5788,3A
5789,3A
5790,3A
5791,3A
5792,3A
5793,3A
5794,3A
5795,3A
5796,3A
5797,3A
5798,3A
5799,3A
5800,3A
5801,3A
5802,3A
5803,3A
5804,3A
5805,3A
5806,3A
5807,3A
5808,3A
5809,3A
5810,3A
5811,3A
5812,3A
5813,3A
5814,3A
5815,3A
5816,3A
5817,3A
5818,3A
5819,3A
5820,3A
5821,3A
5822,3A
5823,3A
5824,3A
5825,3A
5826,3A
5827,3A
5828,3A
5829,3A
5830,3A
5831,3A
5832,3A
5833,3A
5834,3A
5835,3A
5836,3A
5837,3A
5838,3A
5839,3A
5840,3A
5841,3A
5842,3A
5843,3A
5844,3A
5845,3A
5846,3A
5847,3A
5848,3A
5849,3A
5850,3A
5851,3A
5852,3A
5853,3A
5854,3A
5855,3A
5856,3A
5857,3A
5858,3A
5859,3A
5860,3A
5861,3A
5862,3A
5863,3A
5864,3A
5865,3A
5866,3A
5867,3A
5868,3A
5869,3A
5870,3A
5871,3A
5872,3A
5873,3A
5874,3A
5875,3A
5876,3A
5877,3A
5878,3A
5879,3A
5880,3A
5881,3A
5882,3A
5883,3A
5884,3A
5885,3A
5886,3A
5887,3A
5888,3A
5889,3A
5890,3A
5891,3A
5892,3A
5893,3A
5894,3A
5895,3A
5896,3A
5897,3A
5898,3A
5899,3A
5900,3A
5901,3A
5902,3A
5903,3A
5904,3A
5905,3A
5906,3A
5907,3A
5908,3A
5909,3A
5910,3A
5911,3A
5912,3A
5913,3A
5914,3A
5915,3A
5916,3A
5917,3A
5918,3A
5919,3A
5920,3A
5921,3A
5922,3A
5923,3A
5924,3A
5925,3A
5926,3A
5927,3A
5928,3A
5929,3A
5930,3B
5931,3B
5932,3B
5933,3B
5934,3B
5935,3B
5936,3B
5937,3B
5938,3B
5939,3B
5940,3B
5941,3B
5942,3B
5943,3B
5944,3B
5945,3B
5946,3B
5947,3B
5948,3B
5949,3B
5950,3B
5951,3B
5952,3B
5953,3B
5954,3B
5955,3B
5956,3B
5957,3B
5958,3B
5959,3B
5960,3B
5961,3B
5962,3B
5963,3B
5964,3B
5965,3B
5966,3B
5967,3B
5968,3B
5969,3B
5970,3B
5971,3B
5972,3B
5973,3B
5974,3B
5975,3B
5976,3B
5977,3B
5978,3B
5979,3B
5980,3B
5981,3B
5982,3B
5983,3B
5984,3B
5985,3B
5986,3B
5987,3B
5988,3B
5989,3B
5990,3B
5991,3B
5992,3B
5993,3B
5994,3B
5995,3B
5996,3B
5997,3B
5998,3B
5999,3B
6000,3B
6001,3B
6002,3B
6003,3B
6004,3B
6005,3B
6006,3B
6007,3B
6008,3C
6009,3C
6010,3C
6011,3C
6012,3C
6013,3C
6014,3C
6015,3C
6016,3C
6017,3C
6018,3C
6019,3C
6020,3C
6021,3C
6022,3C
6023,3C
6024,3C
6025,3C
6026,3C
6027,3C
6028,3C
6029,3C
6030,3C
6031,3C
6032,3C
6033,3C
6034,3C
6035,3C
6036,3C
6037,3C
6038,3C
6039,3C
6040,3C
6041,3C
6042,3C
6043,3C
6044,3C
6045,3C
6046,3C
6047,3C
6048,3C
6049,3C
6050,3C
6051,3C
6052,3C
6053,3C
6054,3C
6055,3C
6056,3C
6057,3C
6058,3C
6059,3C
6060,3C
6061,3C
6062,3C
6063,3C
6064,3C
6065,3C
6066,3C
6067,3C
6068,3C
6069,3C
6070,3C
6071,3C
6072,3C
6073,3C
6074,3C
6075,3C
6076,3C
6077,3C
6078,3C
6079,3C
6080,3C
6081,3C
6082,3C
6083,3C
6084,3C
6085,3C
6086,3C
6087,3C
6088,3C
6089,3C
6090,3C
6091,3C
6092,3C
6093,3C
6094,3C
6095,3C
6096,3C
6097,3C
6098,3C
6099,3C
6100,3C
6101,3C
6102,3C
6103,3C
6104,3C
6105,3C
6106,3C
6107,3C
6108,3C
6109,3C
6110,3C
6111,3C
6112,3C
6113,3C
6114,3C
6115,3C
6116,3C
6117,3C
6118,3C
6119,3C
6120,3C
6121,3C
6122,3C
6123,3C
6124,3C
6125,3C
6126,3C
6127,3C
6128,3C
6129,3C
6130,3C
6131,3C
6132,3C
6133,3C
6134,3C
6135,3C
6136,3C
6137,3C
6138,3C
6139,3C
6140,3C
6141,3C
6142,3C
6143,3C
6144,3C
6145,3C
6146,3C
6147,3C
6148,3C
6149,3C
6150,3C
6151,3C
6152,3C
6153,3C
6154,3C
6155,3C
6156,3C
6157,3C
6158,3C
6159,3C
6160,3C
6161,3C
6162,3C
6163,3C
6164,3C
6165,3C
6166,3C
6167,3C
6168,3C
6169,3C
6170,3C
6171,3C
6172,3C
6173,3C
6174,3C
6175,3C
6176,3C
6177,3C
6178,3C
6179,3C
6180,3C
6181,3C
6182,3C
6183,3C
6184,3C
6185,3C
6186,3C
6187,3C
6188,3C
6189,3C
6190,3C
6191,3C
6192,3C
6193,3C
6194,3C
6195,3C
6196,3C
6197,3C
6198,3C
6199,3C
6200,3C
6201,3C
6202,3C
6203,3C
6204,3C
6205,3C
6206,3C
6207,3C
6208,3C
6209,3C
6210,3C
6211,3C
6212,3C
6213,3C
6214,3C
6215,3C
6216,3C
6217,3C
6218,3C
6219,3C
6220,3C
6221,3C
6222,3C
6223,3C
6224,3C
6225,3C
6226,3C
6227,3C
6228,3C
6229,3C
6230,3C
6231,3C
6232,3C
6233,3C
6234,3C
6235,3C
6236,3C
6237,3C
6238,3C
6239,3C
6240,3C
6241,3C
6242,3C
6243,3C
6244,3C
6245,3C
6246,3C
6247,3C
6248,3C
6249,3C
6250,3C
6251,3C
6252,3C
6253,3C
6254,3C
6255,3C
6256,3C
6257,3C
6258,3C
6259,3C
6260,3C
6261,3C
6262,3C
6263,3C
6264,3C
6265,3C
6266,3C
6267,3C
6268,3C
6269,3C
6270,3C
6271,3C
6272,3C
6273,3C
6274,3C
6275,3C
6276,3C
6277,3C
6278,3C
6279,3C
6280,3C
6281,3C
6282,3C
6283,3C
6284,3C
6285,3C
6286,3C
6287,3C
6288,3C
6289,3C
6290,3C
6291,3C
6292,3C
6293,3C
6294,3C
6295,3C
6296,3C
6297,3C
6298,3C
6299,3C
6300,3C
6301,3C
6302,3C
6303,3C
6304,3C
6305,3C
6306,3C
6307,3C
6308,3C
6309,3C
6310,3C
6311,3C
6312,3C
6313,3C
6314,3C
6315,3C
6316,3C
6317,3C
6318,3C
6319,3C
6320,3C
6321,3C
6322,3C
6323,3C
6324,3C
6325,3C
6326,3C
6327,3C
6328,3C
6329,3C
6330,3C
6331,3C
6332,3C
6333,3C
6334,3C
6335,3C
6336,3C
6337,3C
6338,3C
6339,3C
6340,3C
6341,3C
6342,3C
6343,3C
6344,3C
6345,3C
6346,3C
6347,3C
6348,3C
6349,3C
6350,3C
6351,3C
6352,3C
6353,3C
6354,3C
6355,3C
6356,3C
6357,3C
6358,3C
6359,3C
6360,3C
6361,3C
6362,3C
6363,3C
6364,3C
6365,3C
6366,3C
6367,3C
6368,3C
6369,3C
6370,3C
6371,3C
6372,3C
6373,3C
6374,3C
6375,3C
6376,3C
6377,3C
6378,3C
6379,3C
6380,3C
6381,3C
6382,3C
6383,3C
6384,3C
6385,3C
6386,3C
6387,3C
6388,3C
6389,3C
6390,3C
6391,3C
6392,3C
6393,3C
6394,3C
6395,3C
6396,3C
6397,3C
6398,3C
6399,3C
6400,3C
6401,3C
6402,3C
6403,3C
6404,3C
6405,3C
6406,3C
6407,3C
6408,3C
6409,3C
6410,3C
6411,3C
6412,3C
6413,3C
6414,3C
6415,3C
6416,3C
6417,3C
6418,3C
6419,3C
6420,3C
6421,3C
6422,3C
6423,3C
6424,3C
6425,3C
6426,3C
6427,3C
6428,3C
6429,3C
6430,3C
6431,3C
6432,3C
6433,3C
6434,3C
6435,3C
6436,3C
6437,3C
6438,3C
6439,3C
6440,3C
6441,3C
6442,3C
6443,3C
6444,3C
6445,3C
6446,3C
6447,3C
6448,3C
6449,3C
6450,3C
6451,3C
6452,3C
6453,3C
6454,3C
6455,3C
6456,3C
6457,3C
6458,3C
6459,3C
6460,3C
6461,3C
6462,3C
6463,3C
6464,3C
6465,3C
6466,3C
6467,3C
6468,3C
6469,3C
6470,3C
6471,3C
6472,3C
6473,3C
6474,3C
6475,3C
6476,3C
6477,3C
6478,3C
6479,3C
6480,3C
6481,3C
6482,3C
6483,3C
6484,3C
6485,3C
6486,3C
6487,3C
6488,3C
6489,3C
6490,3C
6491,3C
6492,3C
6493,3C
6494,3C
6495,3C
6496,3C
6497,3C
6498,3C
6499,3C
6500,3C
6501,3C
6502,3C
6503,3C
6504,3C
6505,3C
6506,3C
6507,3C
6508,3C
6509,3C
6510,3C
6511,3C
6512,3C
6513,3C
6514,3C
6515,3C
6516,3C
6517,3C
6518,3C
6519,3C
6520,3C
6521,3C
6522,3C
6523,3C
6524,3C
6525,3C
6526,3C
6527,3C
6528,3C
6529,3C
6530,3C
6531,3C
6532,3C
6533,3C
6534,3C
6535,3C
6536,3C
6537,3C
6538,3C
6539,3C
6540,3C
6541,3C
6542,3C
6543,3C
6544,3C
6545,3C
6546,3C
6547,3C
6548,3C
6549,3C
6550,3C
6551,3C
6552,3C
6553,3C
6554,3C
6555,3C
6556,3C
6557,3C
6558,3C
6559,3C
6560,3C
6561,3C
6562,3C
6563,3C
6564,3C
6565,3C
6566,3C
6567,3C
6568,3C
6569,3C
6570,3C
6571,3C
6572,3C
6573,3C
6574,3C
6575,3C
6576,3C
6577,3C
6578,3D
6579,3D
6580,3D
6581,3D
6582,3D
6583,3D
6584,3D
6585,3D
6586,3D
6587,3D
6588,3D
6589,3D
6590,3D
6591,3D
6592,3D
6593,3D
6594,3D
6595,3D
6596,3D
6597,3D
6598,3D
6599,3D
6600,3D
6601,3D
6602,3D
6603,3D
6604,3D
6605,3D
6606,3D
6607,3D
6608,3D
6609,3D
6610,3D
6611,3D
6612,3D
6613,3D
6614,3D
6615,3D
6616,3D
6617,3D
6618,3D
6619,3D
6620,3D
6621,3D
6622,3D
6623,3D
6624,3D
6625,3D
6626,3D
6627,3D
6628,3D
6629,3D
6630,3D
6631,3D
6632,3D
6633,3D
6634,3D
6635,3D
6636,3D
6637,3D
6638,3D
6639,3D
6640,3D
6641,3D
6642,3D
6643,3D
6644,3D
6645,3D
6646,3D
6647,3D
6648,3D
6649,3D
6650,3D
6651,3D
6652,3D
6653,3D
6654,3D
6655,3D
6656,3D
6657,3D
6658,3D
6659,3D
6660,3D
6661,3D
6662,3D
6663,3D
6664,3D
6665,3D
6666,3D
6667,3D
6668,3D
6669,3D
6670,3D
6671,3D
6672,3D
6673,3D
6674,3D
6675,3D
6676,3D
6677,3D
6678,3D
6679,3D
6680,3D
6681,3D
6682,3D
6683,3D
6684,3D
6685,3D
6686,3D
6687,3D
6688,3D
6689,3D
6690,3D
6691,3D
6692,3D
6693,3D
6694,3D
6695,3D
6696,3D
6697,3D
6698,3D
6699,3D
6700,3D
6701,3D
6702,3D
6703,3D
6704,3D
6705,3D
6706,3D
6707,3D
6708,3D
6709,3D
6710,3D
6711,3D
6712,3D
6713,3D
6714,3D
6715,3D
6716,3D
6717,3D
6718,3D
6719,3D
6720,3D
6721,3D
6722,3D
6723,3D
6724,3D
6725,3D
6726,3D
6727,3D
6728,3D
6729,3D
6730,3D
6731,3D
6732,3D
6733,3D
6734,3D
6735,3D
6736,3D
6737,3D
6738,3D
6739,3D
6740,3D
6741,3D
6742,3D
6743,3D
6744,3D
6745,3D
6746,3D
6747,3D
6748,3D
6749,3D
6750,3D
6751,3D
6752,3D
6753,3D
6754,3D
6755,3D
6756,3D
6757,3D
6758,3D
6759,3D
6760,3D
6761,3D
6762,3D
6763,3D
6764,3D
6765,3D
6766,3D
6767,3D
6768,3D
6769,3D
6770,3D
6771,3D
6772,3D
6773,3D
6774,3D
6775,3D
6776,3D
6777,3D
6778,3D
6779,3D
6780,3D
6781,3D
6782,3D
6783,3D
6784,3D
6785,3D
6786,3D
6787,3D
6788,3D
6789,3D
6790,3D
6791,3D
6792,3D
6793,3D
6794,3D
6795,3D
6796,3D
6797,3D
6798,3D
6799,3D
6800,3D
6801,3D
6802,3D
6803,3D
6804,3D
6805,3D
6806,3D
6807,3D
6808,3D
6809,3D
6810,3D
6811,3D
6812,3D
6813,3D
6814,3D
6815,3D
6816,3D
6817,3D
6818,3D
6819,3D
6820,3D
6821,3D
6822,3D
6823,3D
6824,3D
6825,3D
6826,3D
6827,3D
6828,3D
6829,3D
6830,3D
6831,3D
6832,3D
6833,3D
6834,3D
6835,3D
6836,3D
6837,3D
6838,3D
6839,3D
6840,3D
6841,3D
6842,3D
6843,3D
6844,3D
6845,3D
6846,3D
6847,3D
6848,3D
6849,3D
6850,3D
6851,3D
6852,3D
6853,3D
6854,3D
6855,3D
6856,3D
6857,3D
6858,3D
6859,3D
6860,3D
6861,3D
6862,3D
6863,3D
6864,3D
6865,3D
6866,3D
6867,3D
6868,3D
6869,3D
6870,3D
6871,3D
6872,3D
6873,3D
6874,3D
6875,3D
6876,3D
6877,3D
6878,3D
6879,3D
6880,3D
6881,3D
6882,3D
6883,3D
6884,3D
6885,3D
6886,3D
6887,3D
6888,3D
6889,3D
6890,3D
6891,3D
6892,3D
6893,3D
6894,3D
6895,3D
6896,3D
6897,3D
6898,3D
6899,3D
6900,3D
6901,3D
6902,3D
6903,3D
6904,3D
6905,3D
6906,3D
6907,3D
6908,3D
6909,3D
6910,3D
6911,3D
6912,3D
6913,3D
6914,3D
6915,3D
6916,3D
6917,3D
6918,3D
6919,3D
6920,3D
6921,3D
6922,3D
6923,3D
6924,3D
6925,3D
6926,3D
6927,3D
6928,3D
6929,3D
6930,3D
6931,3D
6932,3D
6933,3D
6934,3D
6935,3D
6936,3D
6937,3D
6938,3D
6939,3D
6940,3D
6941,3D
6942,3D
6943,3D
6944,3D
6945,3D
6946,3D
6947,3D
6948,3D
6949,3D
6950,3D
6951,3D
6952,3D
6953,3D
6954,3D
6955,3D
6956,3D
6957,3D
6958,3D
6959,3D
6960,3D
6961,3D
6962,3D
6963,3D
6964,3D
6965,3D
6966,3D
6967,3D
6968,3D
6969,3D
6970,3D
6971,3D
6972,3D
6973,3D
6974,3D
6975,3D
6976,3D
6977,3D
6978,3D
6979,3D
6980,3D
6981,3D
6982,3D
6983,3D
6984,3D
6985,3D
6986,3D
6987,3D
6988,3D
6989,3D
6990,3D
6991,3D
6992,3D
6993,3D
6994,3D
6995,3D
6996,3D
6997,3D
6998,3D
6999,3D
7000,3D
7001,3D
7002,3D
7003,3D
7004,3D
7005,3D
7006,3D
7007,3D
7008,3D
7009,3D
7010,3D
7011,3D
7012,3D
7013,3D
7014,3D
7015,3D
7016,3D
7017,3D
7018,3D
7019,3D
7020,3D
7021,3D
7022,3D
7023,3D
7024,3D
7025,3D
7026,3D
7027,3D
7028,3D
7029,3D
7030,3D
7031,3D
7032,3D
7033,3D
7034,3D
7035,3D
7036,3D
7037,3D
7038,3D
7039,3D
7040,3D
7041,3D
7042,3D
7043,3D
7044,3D
7045,3D
7046,3D
7047,3D
7048,3D
7049,3D
7050,3D
7051,3D
7052,3D
7053,3D
7054,3D
7055,3D
7056,3D
7057,3D
7058,3D
7059,3D
7060,3D
7061,3D
7062,3D
7063,3D
7064,3D
7065,3D
7066,3D
7067,3D
7068,3D
7069,3D
7070,3D
7071,3D
7072,3D
7073,3D
7074,3D
7075,3D
7076,3D
7077,3D
7078,3D
7079,3D
7080,3D
7081,3D
7082,3D
7083,3D
7084,3D
7085,3D
7086,3D
7087,3D
7088,3D
7089,3D
7090,3D
7091,3D
7092,3D
7093,3D
7094,3D
7095,3D
7096,3D
7097,3D
7098,3D
7099,3D
7100,3D
7101,3D
7102,3D
7103,3D
7104,3D
7105,3D
7106,3D
7107,3D
7108,3D
7109,3D
7110,3D
7111,3D
7112,3D
7113,3D
7114,3D
7115,3D
7116,3D
7117,3D
7118,3D
7119,3D
7120,3D
7121,3D
7122,3D
7123,3D
7124,3D
7125,3D
7126,3D
7127,3D
7128,3D
7129,3D
7130,3D
7131,3D
7132,3D
7133,3D
7134,3D
7135,3D
7136,3D
7137,3D
7138,3D
7139,3D
7140,3D
7141,3D
7142,3D
7143,3D
7144,3D
7145,3D
7146,3D
7147,3D
7148,3D
7149,3D
7150,3D
7151,3D
7152,3D
7153,3D
7154,3D
7155,3D
7156,3D
7157,3D
7158,3D
7159,3D
7160,3D
7161,3D
7162,3D
7163,3D
7164,3D
7165,3D
7166,3D
7167,3D
7168,3D
7169,3D
7170,3D
7171,3D
7172,3D
7173,3D
7174,3D
7175,3D
7176,3D
7177,3D
7178,3D
7179,3D
7180,3D
7181,3D
7182,3D
7183,3D
7184,3D
7185,3D
7186,3D
7187,3D
7188,3D
7189,3D
7190,3D
7191,3D
7192,3D
7193,3D
7194,3D
7195,3D
7196,3D
7197,3D
7198,3D
7199,3D
7200,3D
7201,3D
7202,3D
7203,3D
7204,3D
7205,3D
7206,3D
7207,3D
7208,3D
7209,3D
7210,3D
7211,3D
7212,3D
7213,3D
7214,3D
7215,3D
7216,3D
7217,3D
7218,3D
7219,3D
7220,3D
7221,3D
7222,3D
7223,3D
7224,3D
7225,3D
7226,3D
7227,3D
7228,3D
7229,3D
7230,3D
7231,3D
7232,3D
7233,3D
7234,3D
7235,3D
7236,3D
7237,3D
7238,3D
7239,3D
7240,3D
7241,3D
7242,3D
7243,3D
7244,3D
7245,3D
7246,3D
7247,3D
7248,3D
7249,3D
7250,3D
7251,3D
7252,3D
7253,3D
7254,3D
7255,3D
7256,3D
7257,3D
7258,3D
7259,3D
7260,3D
7261,3D
7262,3D
7263,3D
7264,3D
7265,3D
7266,3D
7267,3D
7268,3D
7269,3D
7270,3D
7271,3D
7272,3D
7273,3D
7274,3D
7275,3D
7276,3D
7277,3D
7278,3D
7279,3D
7280,3D
7281,3D
7282,3D
7283,3D
7284,3D
7285,3D
7286,3D
7287,3D
7288,3D
7289,3D
7290,3D
7291,3D
7292,3D
7293,3D
7294,3D
7295,3D
7296,3D
7297,3D
7298,3D
7299,3D
7300,3D
7301,3D
7302,3D
7303,3D
7304,3D
7305,3D
7306,3D
7307,3D
7308,3D
7309,3D
7310,3D
7311,3D
7312,3D
7313,3D
7314,3D
7315,3D
7316,3D
7317,3D
7318,3D
7319,3D
7320,3D
7321,3D
7322,3D
7323,3D
7324,3D
7325,3D
7326,3D
7327,3D
7328,3D
7329,3D
7330,3D
7331,3D
7332,3D
7333,3D
7334,3D
7335,3D
7336,3D
7337,3D
7338,3D
7339,3D
7340,3D
7341,3D
7342,3D
7343,3D
7344,3D
7345,3D
7346,3D
7347,3D
7348,3D
7349,3D
7350,3D
7351,3D
7352,3D
7353,3D
7354,3D
7355,3D
7356,3D
7357,3D
7358,3D
7359,3D
7360,3D
7361,3D
7362,3D
7363,3D
7364,3D
7365,3D
7366,3D
7367,3D
7368,3D
7369,3D
7370,3D
7371,3D
7372,3D
7373,3D
7374,3D
7375,3D
7376,3D
7377,3D
7378,3D
7379,3D
7380,3D
7381,3D
7382,3D
7383,3D
7384,3D
7385,3D
7386,3D
7387,3D
7388,3D
7389,3D
7390,3D
7391,3D
7392,3D
7393,3D
7394,3D
7395,3D
7396,3D
7397,3D
7398,3D
7399,3D
7400,3D
7401,3D
7402,3D
7403,3D
7404,3D
7405,3D
7406,3D
7407,3D
7408,3D
7409,3D
7410,3D
7411,3D
7412,3D
7413,3D
7414,3D
7415,3D
7416,3D
7417,3D
7418,3D
7419,3D
7420,3D
7421,3D
7422,3D
7423,3D
7424,3D
7425,3D
7426,3D
7427,3D
7428,3D
7429,3D
7430,3D
7431,3D
7432,3D
7433,3D
7434,3D
7435,3D
7436,3D
7437,3D
7438,3D
7439,3D
7440,3D
7441,3D
7442,3D
7443,3D
7444,3D
7445,3D
7446,3D
7447,3D
7448,3D
7449,3D
7450,3D
7451,3D
7452,3D
7453,3D
7454,3D
7455,3D
7456,3D
7457,3D
7458,3D
7459,3D
7460,3D
7461,3D
7462,3D
7463,3D
7464,3D
7465,3D
7466,3D
7467,3D
7468,3D
7469,3D
7470,3D
7471,3D
7472,3D
7473,3D
7474,3D
7475,3D
7476,3D
7477,3D
7478,3D
7479,3D
7480,3D
7481,3D
7482,3D
7483,3D
7484,3D
7485,3D
7486,3D
7487,3D
7488,3D
7489,3D
7490,3D
7491,3D
7492,3D
7493,3D
7494,3D
7495,3D
7496,3D
7497,3D
7498,3D
7499,3D
7500,3D
7501,3D
7502,3D
7503,3D
7504,3D
7505,3D
7506,3D
7507,3D
7508,3D
7509,3D
7510,3D
7511,3D
7512,3D
7513,3D
7514,3D
7515,3D
7516,3D
7517,3D
7518,3D
7519,3D
7520,3D
7521,3D
7522,3D
7523,3D
7524,3D
7525,3D
7526,3D
7527,3D
7528,3D
7529,3D
7530,3D
7531,3D
7532,3D
7533,3D
7534,3D
7535,3D
7536,3D
7537,3D
7538,3D
7539,3D
7540,3D
7541,3D
7542,3D
7543,3D
7544,3D
7545,3D
7546,3D
7547,3D
7548,3D
7549,3D
7550,3D
7551,3D
7552,3D
7553,3D
7554,3D
7555,3D
7556,3D
7557,3D
7558,3D
7559,3D
7560,3D
7561,3D
7562,3D
7563,3D
7564,3D
7565,3D
7566,3D
7567,3D
7568,3D
7569,3D
7570,3D
7571,3D
7572,3D
7573,3D
7574,3D
7575,3D
7576,3D
7577,3D
7578,3D
7579,3D
7580,3D
7581,3D
7582,3D
7583,3D
7584,3D
7585,3D
7586,3D
7587,3D
7588,3D
7589,3D
7590,3D
7591,3D
7592,3D
7593,3D
7594,3D
7595,3D
7596,3D
7597,3D
7598,3D
7599,3D
7600,3D
7601,3D
7602,3D
7603,3D
7604,3D
7605,3D
7606,3D
7607,3D
7608,3D
7609,3D
7610,3D
7611,3D
7612,3D
7613,3D
7614,3D
7615,3D
7616,3D
7617,3D
7618,3D
7619,3D
7620,3D
7621,3D
7622,3D
7623,3D
7624,3D
7625,3D
7626,3D
7627,3D
7628,3D
7629,3D
7630,3D
7631,3D
7632,3D
7633,3D
7634,3D
7635,3D
7636,3D
7637,3D
7638,3D
7639,3D
7640,3D
7641,3D
7642,3D
7643,3D
7644,3D
7645,3D
7646,3D
7647,3D
7648,3D
7649,3D
7650,3D
7651,3D
7652,3D
7653,3D
7654,3D
7655,3D
7656,3D
7657,3D
7658,3D
7659,3D
7660,3D
7661,3D
7662,3D
7663,3D
7664,3D
7665,3D
7666,3D
7667,3D
7668,3D
7669,3D
7670,3D
7671,3D
7672,3D
7673,3D
7674,3D
7675,3D
7676,3D
7677,3D
7678,3D
7679,3D
7680,3D
7681,3D
7682,3D
7683,3D
7684,3D
7685,3D
7686,3D
7687,3D
7688,3D
7689,3D
7690,3D
7691,3D
7692,3D
7693,3D
7694,3D
7695,3D
7696,3D
7697,3D
7698,3D
7699,3D
7700,3D
7701,3D
7702,3D
7703,3D
7704,3D
7705,3D
7706,3D
7707,3D
7708,3D
7709,3D
7710,3D
7711,3D
7712,3D
7713,3D
7714,3D
7715,3D
7716,3D
7717,3D
7718,3D
7719,3D
7720,3D
7721,3D
7722,3D
7723,3D
7724,3D
7725,3D
7726,3D
7727,3D
7728,3D
7729,3D
7730,3D
7731,3D
7732,3D
7733,3D
7734,3D
7735,3D
7736,3D
7737,3D
7738,3D
7739,3D
7740,3D
7741,3D
7742,3D
7743,3D
7744,3D
7745,3D
7746,3D
7747,3D
7748,3D
7749,3D
7750,3D
7751,3D
7752,3D
7753,3D
7754,3D
7755,3D
7756,3D
7757,3D
7758,3D
7759,3D
7760,3D
7761,3D
7762,3D
7763,3D
7764,3D
7765,3D
7766,3D
7767,3D
7768,3D
7769,3D
7770,3D
7771,3D
7772,3D
7773,3D
7774,3D
7775,3D
7776,3D
7777,3D
7778,3D
7779,3D
7780,3D
7781,3D
7782,3D
7783,3D
7784,3D
7785,3D
7786,3D
7787,3D
7788,3D
7789,3D
7790,3D
7791,3D
7792,3D
7793,3D
7794,3D
7795,3D
7796,3D
7797,3D
7798,3D
7799,3D
7800,3D
7801,3D
7802,3D
7803,3D
7804,3D
7805,3D
7806,3D
7807,3D
7808,3D
7809,3D
7810,3D
7811,3D
7812,3D
7813,3D
7814,3D
7815,3D
7816,3D
7817,3D
7818,3D
7819,3D
7820,3D
7821,3D
7822,3D
7823,3D
7824,3D
7825,3D
7826,3D
7827,3D
7828,3D
7829,3D
7830,3D
7831,3D
7832,3D
7833,3D
7834,3D
7835,3D
7836,3D
7837,3D
7838,3D
7839,3D
7840,3D
7841,3D
7842,3D
7843,3D
7844,3D
7845,3D
7846,3D
7847,3D
7848,3D
7849,3D
7850,3D
7851,3D
7852,3D
7853,3D
7854,3D
7855,3D
7856,3D
7857,3D
7858,3D
7859,3D
7860,3D
7861,3D
7862,3D
7863,3D
7864,3D
7865,3D
7866,3D
7867,3D
7868,3D
7869,3D
7870,3D
7871,3D
7872,3D
7873,3D
7874,3D
7875,3D
7876,3D
7877,3D
7878,3D
7879,3D
7880,3D
7881,3D
7882,3D
7883,3D
7884,3D
7885,3D
7886,3D
7887,3D
7888,3D
7889,3D
7890,3D
7891,3D
7892,3D
7893,3D
7894,3D
7895,3D
7896,3D
7897,3D
7898,3D
7899,3D
7900,3D
7901,3D
7902,3D
7903,3D
7904,3D
7905,3D
7906,3D
7907,3D
7908,3D
7909,3D
7910,3D
7911,3D
7912,3D
7913,3D
7914,3D
7915,3D
7916,3D
7917,3D
7918,3D
7919,3D
7920,3D
7921,3D
7922,3D
7923,3D
7924,3D
7925,3D
7926,3D
7927,3D
7928,3D
7929,3D
7930,3D
7931,3D
7932,3D
7933,3D
7934,3D
7935,3D
7936,3D
7937,3D
7938,3D
7939,3D
7940,3D
7941,3D
7942,3D
7943,3D
7944,3D
7945,3D
7946,3D
7947,3D
7948,3D
7949,3D
7950,3D
7951,3D
7952,3D
7953,3D
7954,3D
7955,3D
7956,3D
7957,3D
7958,3D
7959,3D
7960,3D
7961,3D
7962,3D
7963,3D
7964,3D
7965,3D
7966,3D
7967,3D
7968,3D
7969,3D
7970,3D
7971,3D
7972,3D
7973,3D
7974,3D
7975,3D
7976,3D
7977,3D
7978,3D
7979,3D
7980,3D
7981,3D
7982,3D
7983,3D
7984,3D
7985,3UTR
7986,3UTR
7987,3UTR
7988,3UTR
7989,3UTR
7990,3UTR
7991,3UTR
7992,3UTR
7993,3UTR
7994,3UTR
7995,3UTR
7996,3UTR
7997,3UTR
7998,3UTR
7999,3UTR
8000,3UTR
8001,3UTR
8002,3UTR
8003,3UTR
8004,3UTR
8005,3UTR
8006,3UTR
8007,3UTR
8008,3UTR
8009,3UTR
8010,3UTR
8011,3UTR
8012,3UTR
8013,3UTR
8014,3UTR
8015,3UTR
8016,3UTR
8017,3UTR
8018,3UTR
8019,3UTR
8020,3UTR
8021,3UTR
8022,3UTR
8023,3UTR
8024,3UTR
8025,3UTR
8026,3UTR
8027,3UTR
8028,3UTR
8029,3UTR
8030,3UTR
8031,3UTR
8032,3UTR
8033,3UTR
8034,3UTR
8035,3UTR
8036,3UTR
8037,3UTR
8038,3UTR
8039,3UTR
8040,3UTR
8041,3UTR
8042,3UTR
8043,3UTR
8044,3UTR
8045,3UTR
8046,3UTR
8047,3UTR
8048,3UTR
8049,3UTR
8050,3UTR
8051,3UTR
8052,3UTR
8053,3UTR
8054,3UTR
8055,3UTR
8056,3UTR
8057,3UTR
8058,3UTR
8059,3UTR
8060,3UTR
8061,3UTR
8062,3UTR
8063,3UTR
8064,3UTR
8065,3UTR
8066,3UTR
8067,3UTR
8068,3UTR
8069,3UTR
8070,3UTR
8071,3UTR
8072,3UTR
8073,3UTR
8074,3UTR
8075,3UTR
8076,3UTR
8077,3UTR
8078,3UTR
8079,3UTR
8080,3UTR
8081,3UTR
8082,3UTR
8083,3UTR
8084,3UTR
8085,3UTR
8086,3UTR
8087,3UTR
8088,3UTR
8089,3UTR
8090,3UTR
8091,3UTR
8092,3UTR
8093,3UTR
8094,3UTR
8095,3UTR
8096,3UTR
8097,3UTR
8098,3UTR
8099,3UTR
8100,3UTR
8101,3UTR
8102,3UTR
8103,3UTR
8104,3UTR
8105,3UTR
8106,3UTR
8107,3UTR
8108,3UTR
8109,3UTR
8110,3UTR
8111,3UTR
8112,3UTR
8113,3UTR
8114,3UTR
8115,3UTR
8116,3UTR
8117,3UTR
8118,3UTR
8119,3UTR
8120,3UTR
8121,3UTR
8122,3UTR
8123,3UTR
8124,3UTR
8125,3UTR
8126,3UTR
8127,3UTR
8128,3UTR
8129,3UTR
8130,3UTR
8131,3UTR
8132,3UTR
8133,3UTR
8134,3UTR
8135,3UTR
8136,3UTR
8137,3UTR
8138,3UTR
8139,3UTR
8140,3UTR
8141,3UTR
8142,3UTR
8143,3UTR
8144,3UTR
8145,3UTR
8146,3UTR
8147,3UTR
8148,3UTR
8149,3UTR
8150,3UTR
8151,3UTR
8152,3UTR
8153,3UTR
8154,3UTR
8155,3UTR
8156,3UTR
8157,3UTR
8158,3UTR
8159,3UTR
8160,3UTR
8161,3UTR
8162,3UTR
8163,3UTR
8164,3UTR
8165,3UTR
8166,3UTR
8167,3UTR
8168,3UTR
8169,3UTR
8170,3UTR
8171,3UTR
8172,3UTR
8173,3UTR
8174,3UTR
8175,3UTR
8176,3UTR
8177,3UTR
8178,3UTR
8179,3UTR
8180,3UTR
8181,3UTR
8182,3UTR
8183,3UTR
8184,3UTR
8185,3UTR
8186,3UTR
8187,3UTR
8188,3UTR
8189,3UTR
8190,3UTR
8191,3UTR
8192,3UTR
8193,3UTR
8194,3UTR
8195,3UTR
8196,3UTR
8197,3UTR
8198,3UTR
8199,3UTR
8200,3UTR
8201,3UTR
8202,3UTR
8203,3UTR
8204,3UTR
8205,3UTR
8206,3UTR
8207,3UTR
8208,3UTR
8209,3UTR
8210,3UTR
8211,3UTR
8212,3UTR
8213,3UTR
8214,3UTR
8215,3UTR
8216,3UTR
8217,3UTR
8218,3UTR
8219,3UTR
8220,3UTR
8221,3UTR
8222,3UTR
8223,3UTR
8224,3UTR
8225,3UTR
8226,3UTR
8227,3UTR
8228,3UTR
8229,3UTR
8230,3UTR
8231,3UTR
8232,3UTR
8233,3UTR
8234,3UTR
8235,3UTR
8236,3UTR
8237,3UTR
8238,3UTR
8239,3UTR
8240,3UTR
8241,3UTR
8242,3UTR
8243,3UTR
8244,3UTR
8245,3UTR
8246,3UTR
8247,3UTR
8248,3UTR
8249,3UTR
8250,3UTR
8251,3UTR
8252,3UTR
8253,3UTR
8254,3UTR
8255,3UTR
8256,3UTR
8257,3UTR
8258,3UTR
8259,3UTR
8260,3UTR
8261,3UTR
8262,3UTR
8263,3UTR
8264,3UTR
8265,3UTR
8266,3UTR
8267,3UTR
8268,3UTR
8269,3UTR
8270,3UTR
8271,3UTR
8272,3UTR
8273,3UTR
8274,3UTR
8275,3UTR
8276,3UTR
8277,3UTR
8278,3UTR
8279,3UTR
8280,3UTR
8281,3UTR
8282,3UTR
8283,3UTR
8284,3UTR
8285,3UTR
8286,3UTR
8287,3UTR
8288,3UTR
8289,3UTR
8290,3UTR
8291,3UTR
8292,3UTR
8293,3UTR
8294,3UTR
8295,3UTR
8296,3UTR
8297,3UTR
8298,3UTR
8299,3UTR
8300,3UTR
8301,3UTR
8302,3UTR
8303,3UTR
8304,3UTR
8305,3UTR
8306,3UTR
8307,3UTR
8308,3UTR
8309,3UTR
8310,3UTR
8311,3UTR
8312,3UTR
8313,3UTR
8314,3UTR
8315,3UTR
8316,3UTR
8317,3UTR
8318,3UTR
8319,3UTR
8320,3UTR
8321,3UTR
8322,3UTR
8323,3UTR
8324,3UTR
8325,3UTR
8326,3UTR
8327,3UTR
8328,3UTR
8329,3UTR
8330,3UTR
8331,3UTR
8332,3UTR
8333,3UTR
8334,3UTR
8335,3UTR
8336,3UTR
8337,3UTR
8338,3UTR
8339,3UTR
8340,3UTR
8341,3UTR
8342,3UTR
8343,3UTR
8344,3UTR
8345,3UTR
8346,3UTR
8347,3UTR
8348,3UTR
8349,3UTR
8350,3UTR
8351,3UTR
8352,3UTR
8353,3UTR
8354,3UTR
8355,3UTR
8356,3UTR
8357,3UTR
8358,3UTR
8359,3UTR
8360,3UTR
8361,3UTR
8362,3UTR
8363,3UTR
8364,3UTR
8365,3UTR
8366,3UTR
8367,3UTR
8368,3UTR
8369,3UTR
8370,3UTR
8371,3UTR
8372,3UTR
8373,3UTR
8374,3UTR
8375,3UTR
8376,3UTR
8377,3UTR
8378,3UTR
8379,3UTR
8380,3UTR
8381,3UTR
8382,3UTR
8383,3UTR
8384,3UTR
8385,3UTR
8386,3UTR
8387,3UTR
8388,3UTR
8389,3UTR
8390,3UTR
8391,3UTR
8392,3UTR
8393,3UTR
8394,3UTR
8395,3UTR
8396,3UTR
8397,3UTR
8398,3UTR
8399,3UTR
8400,3UTR
8401,3UTR
8402,3UTR
8403,3UTR
8404,3UTR
8405,3UTR
8406,3UTR
8407,3UTR
8408,3UTR
8409,3UTR
8410,3UTR
8411,3UTR
8412,3UTR
8413,3UTR
8414,3UTR
8415,3UTR
8416,3UTR
8417,3UTR
8418,3UTR
8419,3UTR
8420,3UTR
8421,3UTR
8422,3UTR
8423,3UTR
8424,3UTR
8425,3UTR
8426,3UTR
8427,3UTR
8428,3UTR
8429,3UTR
8430,3UTR
8431,3UTR
8432,3UTR
8433,3UTR
8434,3UTR
8435,3UTR
8436,3UTR
8437,3UTR
8438,3UTR
8439,3UTR
8440,3UTR
8441,3UTR
8442,3UTR
8443,3UTR
8444,3UTR
8445,3UTR
8446,3UTR
8447,3UTR
8448,3UTR
8449,3UTR
8450,3UTR
8451,3UTR
8452,3UTR
8453,3UTR
8454,3UTR
8455,3UTR
8456,3UTR
8457,3UTR
8458,3UTR
8459,3UTR
8460,3UTR
8461,3UTR
8462,3UTR
8463,3UTR
8464,3UTR
8465,3UTR
8466,3UTR
8467,3UTR
8468,3UTR
8469,3UTR
8470,3UTR
8471,3UTR
8472,3UTR
8473,3UTR
8474,3UTR
8475,3UTR
8476,3UTR
8477,3UTR
8478,3UTR
8479,3UTR
8480,3UTR
8481,3UTR
8482,3UTR
8483,3UTR
8484,3UTR
8485,3UTR
8486,3UTR
8487,3UTR
8488,3UTR
8489,3UTR
8490,3UTR
8491,3UTR
8492,3UTR
8493,3UTR
8494,3UTR
8495,3UTR
8496,3UTR
8497,3UTR
8498,3UTR
8499,3UTR
8500,3UTR
8501,3UTR
8502,3UTR
8503,3UTR
8504,3UTR
8505,3UTR
8506,3UTR
8507,3UTR
8508,3UTR
8509,3UTR
8510,3UTR
8511,3UTR
8512,3UTR
8513,3UTR
8514,3UTR
8515,3UTR
8516,3UTR
8517,3UTR
8518,3UTR
8519,3UTR
8520,3UTR
8521,3UTR
8522,3UTR
8523,3UTR
8524,3UTR
8525,3UTR
8526,3UTR
8527,3UTR
8528,3UTR
8529,3UTR
8530,3UTR
8531,3UTR
8532,3UTR
8533,3UTR
8534,3UTR
8535,3UTR
8536,3UTR
8537,3UTR
8538,3UTR
8539,3UTR
8540,3UTR
8541,3UTR
8542,3UTR
8543,3UTR
8544,3UTR
8545,3UTR
8546,3UTR
8547,3UTR
8548,3UTR
8549,3UTR
8550,3UTR
8551,3UTR
8552,3UTR
8553,3UTR
8554,3UTR
8555,3UTR
8556,3UTR
8557,3UTR
8558,3UTR
8559,3UTR
8560,3UTR
8561,3UTR
8562,3UTR
8563,3UTR
8564,3UTR
8565,3UTR
8566,3UTR
8567,3UTR
8568,3UTR
8569,3UTR
8570,3UTR
8571,3UTR
8572,3UTR
8573,3UTR
8574,3UTR
8575,3UTR
8576,3UTR
8577,3UTR
8578,3UTR
8579,3UTR
8580,3UTR
8581,3UTR
8582,3UTR
8583,3UTR
8584,3UTR
8585,3UTR
8586,3UTR
8587,3UTR
8588,3UTR
8589,3UTR
8590,3UTR
8591,3UTR
8592,3UTR
8593,3UTR
8594,3UTR
8595,3UTR
8596,3UTR
8597,3UTR
8598,3UTR
8599,3UTR
8600,3UTR
8601,3UTR
8602,3UTR
8603,3UTR
8604,3UTR
8605,3UTR
8606,3UTR
8607,3UTR
8608,3UTR
8609,3UTR
8610,3UTR
8611,3UTR
8612,3UTR
8613,3UTR
8614,3UTR
8615,3UTR
8616,3UTR
8617,3UTR
8618,3UTR
8619,3UTR
8620,3UTR
8621,3UTR
8622,3UTR
8623,3UTR
8624,3UTR
8625,3UTR
8626,3UTR
8627,3UTR
8628,3UTR
8629,3UTR
8630,3UTR
8631,3UTR
8632,3UTR
8633,3UTR
8634,3UTR
8635,3UTR
8636,3UTR
8637,3UTR
8638,3UTR
8639,3UTR
8640,3UTR
8641,3UTR
8642,3UTR
8643,3UTR
8644,3UTR
8645,3UTR
8646,3UTR
8647,3UTR
8648,3UTR
8649,3UTR
8650,3UTR
8651,3UTR
8652,3UTR
8653,3UTR
8654,3UTR
8655,3UTR
8656,3UTR
8657,3UTR
8658,3UTR
8659,3UTR
8660,3UTR
8661,3UTR
8662,3UTR
8663,3UTR
8664,3UTR
8665,3UTR
8666,3UTR
8667,3UTR